team,opp_team,gamedate,game_number,offensive_rebounds,off_rebound_chances,oreb_pct
BOS,PHI,10/18/22,1,10,39,0.2564
PHI,BOS,10/18/22,1,8,42,0.1905
GSW,LAL,10/18/22,1,16,57,0.2807
LAL,GSW,10/18/22,1,14,57,0.2456
ORL,DET,10/19/22,1,13,47,0.2766
DET,ORL,10/19/22,1,17,58,0.2931
IND,WAS,10/19/22,1,18,62,0.2903
WAS,IND,10/19/22,1,18,51,0.3529
ATL,HOU,10/19/22,1,6,47,0.1277
HOU,ATL,10/19/22,1,17,56,0.3036
NOP,BKN,10/19/22,1,24,56,0.4286
BKN,NOP,10/19/22,1,12,53,0.2264
CHI,MIA,10/19/22,1,17,56,0.3036
MIA,CHI,10/19/22,1,9,46,0.1957
CLE,TOR,10/19/22,1,8,41,0.1951
TOR,CLE,10/19/22,1,17,53,0.3208
NYK,MEM,10/19/22,1,22,68,0.3235
MEM,NYK,10/19/22,1,28,70,0.4
MIN,OKC,10/19/22,1,18,60,0.3
OKC,MIN,10/19/22,1,20,63,0.3175
DAL,PHX,10/19/22,1,10,46,0.2174
PHX,DAL,10/19/22,1,12,47,0.2553
POR,SAC,10/19/22,1,14,53,0.2642
SAC,POR,10/19/22,1,11,47,0.234
SAS,CHA,10/19/22,1,18,61,0.2951
CHA,SAS,10/19/22,1,16,48,0.3333
DEN,UTA,10/19/22,1,11,44,0.25
UTA,DEN,10/19/22,1,18,44,0.4091
MIL,PHI,10/20/22,1,11,52,0.2115
PHI,MIL,10/20/22,2,6,48,0.125
LAC,LAL,10/20/22,1,13,46,0.2826
LAL,LAC,10/20/22,2,13,65,0.2
PHX,POR,10/21/22,2,15,53,0.283
POR,PHX,10/21/22,2,15,49,0.3061
DEN,GSW,10/21/22,2,12,42,0.2857
GSW,DEN,10/21/22,2,14,48,0.2917
MIN,UTA,10/21/22,2,25,61,0.4098
UTA,MIN,10/21/22,2,24,67,0.3582
HOU,MEM,10/21/22,2,20,56,0.3571
MEM,HOU,10/21/22,2,22,57,0.386
NYK,DET,10/21/22,2,14,50,0.28
DET,NYK,10/21/22,2,18,58,0.3103
BOS,MIA,10/21/22,2,13,38,0.3421
MIA,BOS,10/21/22,2,16,51,0.3137
BKN,TOR,10/21/22,2,13,47,0.2766
TOR,BKN,10/21/22,2,14,48,0.2917
ATL,ORL,10/21/22,2,14,49,0.2857
ORL,ATL,10/21/22,2,11,49,0.2245
CHI,WAS,10/21/22,2,11,48,0.2292
WAS,CHI,10/21/22,2,7,39,0.1795
IND,SAS,10/21/22,2,20,53,0.3774
SAS,IND,10/21/22,2,9,43,0.2093
NOP,CHA,10/21/22,2,20,48,0.4167
CHA,NOP,10/21/22,2,14,53,0.2642
CLE,CHI,10/22/22,2,13,38,0.3421
CHI,CLE,10/22/22,3,10,52,0.1923
MIA,TOR,10/22/22,3,11,40,0.275
TOR,MIA,10/22/22,3,13,53,0.2453
HOU,MIL,10/22/22,3,19,61,0.3115
MIL,HOU,10/22/22,2,10,42,0.2381
DAL,MEM,10/22/22,2,21,48,0.4375
MEM,DAL,10/22/22,3,10,49,0.2041
DEN,OKC,10/22/22,3,14,53,0.2642
OKC,DEN,10/22/22,2,15,56,0.2679
LAC,SAC,10/22/22,2,8,42,0.1905
SAC,LAC,10/22/22,2,10,48,0.2083
BOS,ORL,10/22/22,3,9,47,0.1915
ORL,BOS,10/22/22,3,17,53,0.3208
IND,DET,10/22/22,3,23,62,0.371
DET,IND,10/22/22,3,23,62,0.371
PHI,SAS,10/22/22,3,17,49,0.3469
SAS,PHI,10/22/22,3,17,49,0.3469
LAL,POR,10/23/22,3,12,53,0.2264
POR,LAL,10/23/22,3,16,49,0.3265
ATL,CHA,10/23/22,3,20,60,0.3333
CHA,ATL,10/23/22,3,17,47,0.3617
CLE,WAS,10/23/22,3,19,56,0.3393
WAS,CLE,10/23/22,3,14,49,0.2857
NOP,UTA,10/23/22,3,21,55,0.3818
UTA,NOP,10/23/22,3,19,56,0.3393
MIN,OKC,10/23/22,3,15,47,0.3191
OKC,MIN,10/23/22,3,15,57,0.2632
GSW,SAC,10/23/22,3,9,47,0.1915
SAC,GSW,10/23/22,3,18,53,0.3396
LAC,PHX,10/23/22,3,10,49,0.2041
PHX,LAC,10/23/22,3,16,51,0.3137
IND,PHI,10/24/22,4,21,55,0.3818
PHI,IND,10/24/22,4,9,44,0.2045
HOU,UTA,10/24/22,4,23,55,0.4182
UTA,HOU,10/24/22,4,22,54,0.4074
NYK,ORL,10/24/22,3,23,54,0.4259
ORL,NYK,10/24/22,4,15,51,0.2941
BKN,MEM,10/24/22,3,13,42,0.3095
MEM,BKN,10/24/22,4,22,51,0.4314
BOS,CHI,10/24/22,4,16,64,0.25
CHI,BOS,10/24/22,4,14,46,0.3043
MIN,SAS,10/24/22,4,12,50,0.24
SAS,MIN,10/24/22,4,21,62,0.3387
DEN,POR,10/24/22,4,12,49,0.2449
POR,DEN,10/24/22,4,11,40,0.275
MIA,TOR,10/24/22,4,11,55,0.2
TOR,MIA,10/24/22,4,12,53,0.2264
NOP,DAL,10/25/22,4,6,34,0.1765
DAL,NOP,10/25/22,3,13,42,0.3095
WAS,DET,10/25/22,4,11,43,0.2558
DET,WAS,10/25/22,4,14,56,0.25
LAC,OKC,10/25/22,4,9,50,0.18
OKC,LAC,10/25/22,4,26,71,0.3662
GSW,PHX,10/25/22,4,13,52,0.25
PHX,GSW,10/25/22,4,19,50,0.38
CLE,ORL,10/26/22,4,19,56,0.3393
ORL,CLE,10/26/22,5,12,48,0.25
ATL,DET,10/26/22,4,16,48,0.3333
DET,ATL,10/26/22,5,16,52,0.3077
NYK,CHA,10/26/22,4,14,47,0.2979
CHA,NYK,10/26/22,4,17,54,0.3148
PHI,TOR,10/26/22,5,6,41,0.1463
TOR,PHI,10/26/22,5,8,40,0.2
MIL,BKN,10/26/22,3,16,51,0.3137
BKN,MIL,10/26/22,4,12,55,0.2182
MIN,SAS,10/26/22,5,2,32,0.0625
SAS,MIN,10/26/22,5,17,53,0.3208
HOU,UTA,10/26/22,5,18,61,0.2951
UTA,HOU,10/26/22,5,16,56,0.2857
CHI,IND,10/26/22,5,13,45,0.2889
IND,CHI,10/26/22,5,17,52,0.3269
DEN,LAL,10/26/22,5,10,52,0.1923
LAL,DEN,10/26/22,4,8,54,0.1481
MIA,POR,10/26/22,5,18,45,0.4
POR,MIA,10/26/22,5,14,48,0.2917
SAC,MEM,10/27/22,4,9,44,0.2045
MEM,SAC,10/27/22,5,14,46,0.3043
GSW,MIA,10/27/22,5,21,47,0.4468
MIA,GSW,10/27/22,6,12,51,0.2353
LAC,OKC,10/27/22,5,12,40,0.3
OKC,LAC,10/27/22,5,14,49,0.2857
DAL,BKN,10/27/22,4,10,44,0.2273
BKN,DAL,10/27/22,5,18,52,0.3462
HOU,POR,10/28/22,6,19,57,0.3333
POR,HOU,10/28/22,6,13,46,0.2826
DEN,UTA,10/28/22,6,19,54,0.3519
UTA,DEN,10/28/22,6,13,55,0.2364
NOP,PHX,10/28/22,5,13,48,0.2708
PHX,NOP,10/28/22,5,17,44,0.3864
CHI,SAS,10/28/22,6,20,54,0.3704
SAS,CHI,10/28/22,6,14,42,0.3333
LAL,MIN,10/28/22,5,16,54,0.2963
MIN,LAL,10/28/22,6,15,61,0.2459
MIL,NYK,10/28/22,4,24,69,0.3478
NYK,MIL,10/28/22,5,19,63,0.3016
IND,WAS,10/28/22,6,10,40,0.25
WAS,IND,10/28/22,5,11,47,0.234
PHI,TOR,10/28/22,6,8,39,0.2051
TOR,PHI,10/28/22,6,22,59,0.3729
BOS,CLE,10/28/22,5,9,44,0.2045
CLE,BOS,10/28/22,5,11,46,0.2391
ORL,CHA,10/28/22,6,7,46,0.1522
CHA,ORL,10/28/22,5,12,59,0.2034
ATL,DET,10/28/22,5,15,45,0.3333
DET,ATL,10/28/22,6,19,54,0.3519
MIA,SAC,10/29/22,7,14,53,0.2642
SAC,MIA,10/29/22,5,8,39,0.2051
GSW,CHA,10/29/22,6,13,58,0.2241
CHA,GSW,10/29/22,6,20,62,0.3226
BKN,IND,10/29/22,6,7,43,0.1628
IND,BKN,10/29/22,7,25,56,0.4464
ATL,MIL,10/29/22,6,15,51,0.2941
MIL,ATL,10/29/22,5,18,51,0.3529
CHI,PHI,10/29/22,7,10,45,0.2222
PHI,CHI,10/29/22,7,10,44,0.2273
DAL,OKC,10/29/22,5,17,59,0.2881
OKC,DAL,10/29/22,6,12,49,0.2449
UTA,MEM,10/29/22,7,13,44,0.2955
MEM,UTA,10/29/22,6,13,40,0.325
NOP,LAC,10/30/22,6,17,48,0.3542
LAC,NOP,10/30/22,6,14,54,0.2593
BOS,WAS,10/30/22,6,8,44,0.1818
WAS,BOS,10/30/22,6,19,63,0.3016
CLE,NYK,10/30/22,6,14,50,0.28
NYK,CLE,10/30/22,6,16,51,0.3137
GSW,DET,10/30/22,7,16,54,0.2963
DET,GSW,10/30/22,7,15,46,0.3261
MIN,SAS,10/30/22,7,22,63,0.3492
SAS,MIN,10/30/22,7,19,52,0.3654
DAL,ORL,10/30/22,6,8,46,0.1739
ORL,DAL,10/30/22,7,16,49,0.3265
DEN,LAL,10/30/22,7,16,57,0.2807
LAL,DEN,10/30/22,6,16,52,0.3077
HOU,PHX,10/30/22,7,19,51,0.3725
PHX,HOU,10/30/22,6,12,44,0.2727
SAC,CHA,10/31/22,6,16,48,0.3333
CHA,SAC,10/31/22,7,11,45,0.2444
PHI,WAS,10/31/22,8,7,41,0.1707
WAS,PHI,10/31/22,7,9,43,0.2093
BKN,IND,10/31/22,7,8,38,0.2105
IND,BKN,10/31/22,8,17,51,0.3333
MIL,DET,10/31/22,6,18,51,0.3529
DET,MIL,10/31/22,8,16,52,0.3077
ATL,TOR,10/31/22,7,12,47,0.2553
TOR,ATL,10/31/22,7,16,49,0.3265
HOU,LAC,10/31/22,8,16,57,0.2807
LAC,HOU,10/31/22,7,12,52,0.2308
UTA,MEM,10/31/22,8,12,50,0.24
MEM,UTA,10/31/22,7,23,64,0.3594
CHI,BKN,11/1/22,8,15,51,0.2941
BKN,CHI,11/1/22,8,7,40,0.175
GSW,MIA,11/1/22,8,14,48,0.2917
MIA,GSW,11/1/22,8,14,48,0.2917
ORL,OKC,11/1/22,8,15,48,0.3125
OKC,ORL,11/1/22,7,13,53,0.2453
MIN,PHX,11/1/22,8,19,52,0.3654
PHX,MIN,11/1/22,7,13,49,0.2653
NOP,LAL,11/2/22,7,12,58,0.2069
LAL,NOP,11/2/22,7,13,55,0.2364
PHI,WAS,11/2/22,9,9,48,0.1875
WAS,PHI,11/2/22,8,7,35,0.2
MIA,SAC,11/2/22,9,10,46,0.2174
SAC,MIA,11/2/22,7,9,47,0.1915
BOS,CLE,11/2/22,7,12,55,0.2182
CLE,BOS,11/2/22,7,12,59,0.2034
ATL,NYK,11/2/22,8,24,66,0.3636
NYK,ATL,11/2/22,7,16,54,0.2963
CHI,CHA,11/2/22,9,15,51,0.2941
CHA,CHI,11/2/22,8,16,60,0.2667
HOU,LAC,11/2/22,9,19,55,0.3455
LAC,HOU,11/2/22,8,10,45,0.2222
MIL,DET,11/2/22,7,16,52,0.3077
DET,MIL,11/2/22,9,6,46,0.1304
DAL,UTA,11/2/22,7,12,45,0.2667
UTA,DAL,11/2/22,9,15,46,0.3261
SAS,TOR,11/2/22,8,15,57,0.2632
TOR,SAS,11/2/22,8,15,49,0.3061
POR,MEM,11/2/22,7,18,56,0.3214
MEM,POR,11/2/22,8,12,47,0.2553
DEN,OKC,11/3/22,8,9,40,0.225
OKC,DEN,11/3/22,8,11,50,0.22
GSW,ORL,11/3/22,9,15,51,0.2941
ORL,GSW,11/3/22,9,15,43,0.3488
PHX,POR,11/4/22,8,14,47,0.2979
POR,PHX,11/4/22,8,15,43,0.3488
MIL,MIN,11/4/22,8,10,51,0.1961
MIN,MIL,11/4/22,9,11,57,0.193
NOP,GSW,11/4/22,8,14,42,0.3333
GSW,NOP,11/4/22,10,7,37,0.1892
DAL,TOR,11/4/22,8,13,41,0.3171
TOR,DAL,11/4/22,9,23,51,0.451
LAC,SAS,11/4/22,9,7,39,0.1795
SAS,LAC,11/4/22,9,9,53,0.1698
MEM,CHA,11/4/22,9,19,49,0.3878
CHA,MEM,11/4/22,9,14,56,0.25
BOS,CHI,11/4/22,8,11,44,0.25
CHI,BOS,11/4/22,10,9,42,0.2143
BKN,WAS,11/4/22,9,8,40,0.2
WAS,BKN,11/4/22,9,12,55,0.2182
NYK,PHI,11/4/22,8,14,45,0.3111
PHI,NYK,11/4/22,10,20,65,0.3077
MIA,IND,11/4/22,10,12,50,0.24
IND,MIA,11/4/22,9,8,46,0.1739
CLE,DET,11/4/22,8,13,39,0.3333
DET,CLE,11/4/22,10,12,52,0.2308
LAL,UTA,11/4/22,8,12,45,0.2667
UTA,LAL,11/4/22,10,19,52,0.3654
BKN,CHA,11/5/22,10,13,51,0.2549
CHA,BKN,11/5/22,10,19,55,0.3455
ORL,SAC,11/5/22,10,9,42,0.2143
SAC,ORL,11/5/22,8,8,51,0.1569
ATL,NOP,11/5/22,9,16,58,0.2759
NOP,ATL,11/5/22,9,24,64,0.375
BOS,NYK,11/5/22,9,9,41,0.2195
NYK,BOS,11/5/22,9,14,45,0.3111
PHX,POR,11/5/22,9,15,48,0.3125
POR,PHX,11/5/22,9,14,52,0.2692
HOU,MIN,11/5/22,10,18,48,0.375
MIN,HOU,11/5/22,10,9,33,0.2727
DEN,SAS,11/5/22,9,13,37,0.3514
SAS,DEN,11/5/22,10,8,46,0.1739
MIL,OKC,11/5/22,9,21,53,0.3962
OKC,MIL,11/5/22,9,10,49,0.2041
CLE,LAL,11/6/22,9,14,49,0.2857
LAL,CLE,11/6/22,9,12,53,0.2264
LAC,UTA,11/6/22,10,10,47,0.2128
UTA,LAC,11/6/22,11,10,41,0.2439
MEM,WAS,11/6/22,10,16,55,0.2909
WAS,MEM,11/6/22,10,16,58,0.2759
CHI,TOR,11/6/22,11,17,49,0.3469
TOR,CHI,11/6/22,10,26,60,0.4333
WAS,CHA,11/7/22,11,12,42,0.2857
CHA,WAS,11/7/22,11,22,61,0.3607
HOU,ORL,11/7/22,11,18,46,0.3913
ORL,HOU,11/7/22,11,15,41,0.3659
OKC,DET,11/7/22,10,19,64,0.2969
DET,OKC,11/7/22,11,24,58,0.4138
NOP,IND,11/7/22,10,14,50,0.28
IND,NOP,11/7/22,10,13,45,0.2889
PHI,PHX,11/7/22,11,19,51,0.3725
PHX,PHI,11/7/22,10,8,43,0.186
ATL,MIL,11/7/22,10,18,56,0.3214
MIL,ATL,11/7/22,10,12,51,0.2353
MIA,POR,11/7/22,11,9,46,0.1957
POR,MIA,11/7/22,10,5,35,0.1429
CHI,TOR,11/7/22,12,10,38,0.2632
TOR,CHI,11/7/22,11,8,51,0.1569
BOS,MEM,11/7/22,10,10,48,0.2083
MEM,BOS,11/7/22,11,12,52,0.2308
DEN,SAS,11/7/22,10,16,45,0.3556
SAS,DEN,11/7/22,11,11,43,0.2558
MIN,NYK,11/7/22,11,9,44,0.2045
NYK,MIN,11/7/22,10,16,52,0.3077
DAL,BKN,11/7/22,9,18,42,0.4286
BKN,DAL,11/7/22,11,16,47,0.3404
GSW,SAC,11/7/22,11,10,46,0.2174
SAC,GSW,11/7/22,9,13,57,0.2281
LAL,UTA,11/7/22,10,9,43,0.2093
UTA,LAL,11/7/22,12,16,45,0.3556
CLE,LAC,11/7/22,10,13,43,0.3023
LAC,CLE,11/7/22,11,4,43,0.093
CLE,SAC,11/9/22,11,17,41,0.4146
SAC,CLE,11/9/22,10,5,37,0.1351
POR,CHA,11/9/22,11,13,40,0.325
CHA,POR,11/9/22,12,22,60,0.3667
DEN,IND,11/9/22,11,13,47,0.2766
IND,DEN,11/9/22,11,14,53,0.2642
ATL,UTA,11/9/22,11,21,59,0.3559
UTA,ATL,11/9/22,13,16,54,0.2963
DAL,ORL,11/9/22,10,7,57,0.1228
ORL,DAL,11/9/22,12,10,40,0.25
BKN,NYK,11/9/22,12,12,49,0.2449
NYK,BKN,11/9/22,11,14,63,0.2222
BOS,DET,11/9/22,11,9,43,0.2093
DET,BOS,11/9/22,12,18,55,0.3273
HOU,TOR,11/9/22,12,18,49,0.3673
TOR,HOU,11/9/22,12,29,63,0.4603
NOP,CHI,11/9/22,11,16,46,0.3478
CHI,NOP,11/9/22,13,7,44,0.1591
MIN,PHX,11/9/22,12,8,40,0.2
PHX,MIN,11/9/22,11,15,50,0.3
MIL,OKC,11/9/22,11,16,57,0.2807
OKC,MIL,11/9/22,11,19,64,0.2969
LAC,LAL,11/9/22,12,8,43,0.186
LAL,LAC,11/9/22,11,12,50,0.24
SAS,MEM,11/9/22,12,18,54,0.3333
MEM,SAS,11/9/22,12,20,48,0.4167
NOP,POR,11/10/22,12,13,49,0.2653
POR,NOP,11/10/22,12,13,50,0.26
MIA,CHA,11/10/22,12,10,55,0.1818
CHA,MIA,11/10/22,13,14,49,0.2857
ATL,PHI,11/10/22,12,12,50,0.24
PHI,ATL,11/10/22,12,9,54,0.1667
DAL,WAS,11/10/22,11,10,54,0.1852
WAS,DAL,11/10/22,12,9,44,0.2045
MIN,MEM,11/11/22,13,10,44,0.2273
MEM,MIN,11/11/22,13,20,49,0.4082
MIL,SAS,11/11/22,12,28,71,0.3944
SAS,MIL,11/11/22,13,14,43,0.3256
OKC,TOR,11/11/22,12,18,44,0.4091
TOR,OKC,11/11/22,13,18,52,0.3462
NYK,DET,11/11/22,12,20,54,0.3704
DET,NYK,11/11/22,13,15,47,0.3191
ORL,PHX,11/11/22,13,11,40,0.275
PHX,ORL,11/11/22,12,17,58,0.2931
BOS,DEN,11/11/22,12,12,41,0.2927
DEN,BOS,11/11/22,12,15,53,0.283
CLE,GSW,11/11/22,12,17,57,0.2982
GSW,CLE,11/11/22,12,8,43,0.186
LAL,SAC,11/11/22,12,17,48,0.3542
SAC,LAL,11/11/22,11,13,42,0.3095
LAC,BKN,11/12/22,13,15,53,0.283
BKN,LAC,11/12/22,13,8,46,0.1739
UTA,WAS,11/12/22,14,11,51,0.2157
WAS,UTA,11/12/22,13,7,45,0.1556
BOS,DET,11/12/22,13,12,54,0.2222
DET,BOS,11/12/22,14,15,52,0.2885
IND,TOR,11/12/22,12,15,43,0.3488
TOR,IND,11/12/22,14,18,60,0.3
ATL,PHI,11/12/22,13,20,52,0.3846
PHI,ATL,11/12/22,13,6,38,0.1579
DAL,POR,11/12/22,12,10,44,0.2273
POR,DAL,11/12/22,13,14,48,0.2917
MIA,CHA,11/12/22,13,12,46,0.2609
CHA,MIA,11/12/22,14,7,46,0.1522
NOP,HOU,11/12/22,13,13,46,0.2826
HOU,NOP,11/12/22,13,13,42,0.3095
NYK,OKC,11/13/22,13,16,51,0.3137
OKC,NYK,11/13/22,13,9,34,0.2647
CLE,MIN,11/13/22,13,17,55,0.3091
MIN,CLE,11/13/22,14,11,39,0.2821
MEM,WAS,11/13/22,14,20,60,0.3333
WAS,MEM,11/13/22,14,13,54,0.2407
CHI,DEN,11/13/22,14,10,42,0.2381
DEN,CHI,11/13/22,13,5,35,0.1429
PHI,UTA,11/13/22,14,11,46,0.2391
UTA,PHI,11/13/22,15,28,62,0.4516
LAL,BKN,11/13/22,13,15,48,0.3125
BKN,LAL,11/13/22,14,12,48,0.25
GSW,SAC,11/13/22,13,11,49,0.2245
SAC,GSW,11/13/22,12,13,48,0.2708
TOR,DET,11/14/22,15,13,42,0.3095
DET,TOR,11/14/22,15,18,48,0.375
ORL,CHA,11/14/22,14,26,54,0.4815
CHA,ORL,11/14/22,15,18,48,0.375
BOS,OKC,11/14/22,14,11,53,0.2075
OKC,BOS,11/14/22,14,14,53,0.2642
HOU,LAC,11/14/22,14,15,53,0.283
LAC,HOU,11/14/22,14,12,42,0.2857
MIA,PHX,11/14/22,14,20,46,0.4348
PHX,MIA,11/14/22,13,25,52,0.4808
ATL,MIL,11/14/22,14,14,50,0.28
MIL,ATL,11/14/22,13,17,52,0.3269
GSW,SAS,11/14/22,14,8,41,0.1951
SAS,GSW,11/14/22,14,28,67,0.4179
DAL,LAC,11/15/22,13,9,51,0.1765
LAC,DAL,11/15/22,15,4,33,0.1212
NOP,MEM,11/15/22,14,10,50,0.2
MEM,NOP,11/15/22,15,17,57,0.2982
NYK,UTA,11/15/22,14,17,53,0.3208
UTA,NYK,11/15/22,16,16,49,0.3265
POR,SAS,11/15/22,14,11,40,0.275
SAS,POR,11/15/22,15,13,45,0.2889
BKN,SAC,11/15/22,15,5,41,0.122
SAC,BKN,11/15/22,13,14,41,0.3415
GSW,PHX,11/16/22,15,9,50,0.18
PHX,GSW,11/16/22,14,8,43,0.186
IND,CHA,11/16/22,13,8,39,0.2051
CHA,IND,11/16/22,16,19,51,0.3725
MIN,ORL,11/16/22,15,10,45,0.2222
ORL,MIN,11/16/22,15,16,51,0.3137
OKC,WAS,11/16/22,15,9,40,0.225
WAS,OKC,11/16/22,15,13,42,0.3095
ATL,BOS,11/16/22,15,16,61,0.2623
BOS,ATL,11/16/22,15,7,40,0.175
MIA,TOR,11/16/22,15,6,33,0.1818
TOR,MIA,11/16/22,16,19,45,0.4222
CLE,MIL,11/16/22,14,8,49,0.1633
MIL,CLE,11/16/22,14,20,51,0.3922
NOP,CHI,11/16/22,15,14,44,0.3182
CHI,NOP,11/16/22,15,11,47,0.234
DAL,HOU,11/16/22,14,19,71,0.2676
HOU,DAL,11/16/22,15,12,41,0.2927
DEN,NYK,11/16/22,14,12,48,0.25
NYK,DEN,11/16/22,15,12,51,0.2353
LAC,DET,11/17/22,16,15,50,0.3
DET,LAC,11/17/22,16,15,59,0.2542
SAC,SAS,11/17/22,14,8,35,0.2286
SAS,SAC,11/17/22,16,9,40,0.225
BKN,POR,11/17/22,16,8,39,0.2051
POR,BKN,11/17/22,15,17,61,0.2787
GSW,NYK,11/18/22,16,17,54,0.3148
NYK,GSW,11/18/22,16,17,58,0.2931
PHX,UTA,11/18/22,15,18,46,0.3913
UTA,PHX,11/18/22,17,14,46,0.3043
BOS,NOP,11/18/22,16,13,45,0.2889
NOP,BOS,11/18/22,16,8,45,0.1778
DAL,DEN,11/18/22,15,6,32,0.1875
DEN,DAL,11/18/22,15,15,56,0.2679
OKC,MEM,11/18/22,16,11,53,0.2075
MEM,OKC,11/18/22,16,21,60,0.35
HOU,IND,11/18/22,16,21,58,0.3621
IND,HOU,11/18/22,14,14,52,0.2692
CHI,ORL,11/18/22,16,15,50,0.3
ORL,CHI,11/18/22,16,7,40,0.175
MIL,PHI,11/18/22,15,12,53,0.2264
PHI,MIL,11/18/22,15,7,43,0.1628
CLE,CHA,11/18/22,15,10,47,0.2128
CHA,CLE,11/18/22,17,23,69,0.3333
MIA,WAS,11/18/22,16,17,66,0.2576
WAS,MIA,11/18/22,16,11,57,0.193
LAL,DET,11/18/22,14,8,38,0.2105
DET,LAL,11/18/22,17,12,50,0.24
ATL,TOR,11/19/22,16,12,50,0.24
TOR,ATL,11/19/22,17,20,62,0.3226
ORL,IND,11/19/22,17,19,56,0.3393
IND,ORL,11/19/22,15,18,51,0.3529
MIN,PHI,11/19/22,16,11,48,0.2292
PHI,MIN,11/19/22,16,4,40,0.1
POR,UTA,11/19/22,16,14,47,0.2979
UTA,POR,11/19/22,18,14,49,0.2857
LAC,SAS,11/19/22,17,10,40,0.25
SAS,LAC,11/19/22,17,17,51,0.3333
NYK,PHX,11/20/22,17,14,53,0.2642
PHX,NYK,11/20/22,16,27,60,0.45
WAS,CHA,11/20/22,17,18,55,0.3273
CHA,WAS,11/20/22,18,25,63,0.3968
SAC,DET,11/20/22,15,12,39,0.3077
DET,SAC,11/20/22,18,10,44,0.2273
BKN,MEM,11/20/22,17,5,36,0.1389
MEM,BKN,11/20/22,17,18,64,0.2812
CLE,MIA,11/20/22,16,17,39,0.4359
MIA,CLE,11/20/22,17,13,50,0.26
DAL,DEN,11/20/22,16,8,48,0.1667
DEN,DAL,11/20/22,16,10,43,0.2326
GSW,HOU,11/20/22,17,9,43,0.2093
HOU,GSW,11/20/22,17,16,51,0.3137
LAL,SAS,11/20/22,15,8,41,0.1951
SAS,LAL,11/20/22,18,16,69,0.2319
ATL,CLE,11/21/22,17,15,50,0.3
CLE,ATL,11/21/22,17,4,29,0.1379
BOS,CHI,11/21/22,17,7,52,0.1346
CHI,BOS,11/21/22,17,13,47,0.2766
NOP,GSW,11/21/22,17,14,47,0.2979
GSW,NOP,11/21/22,18,8,47,0.1702
MIA,MIN,11/21/22,18,17,57,0.2982
MIN,MIA,11/21/22,17,9,48,0.1875
MIL,POR,11/21/22,16,11,42,0.2619
POR,MIL,11/21/22,17,15,51,0.2941
ORL,IND,11/21/22,18,14,51,0.2745
IND,ORL,11/21/22,16,15,45,0.3333
NYK,OKC,11/21/22,18,19,50,0.38
OKC,NYK,11/21/22,17,14,50,0.28
LAC,UTA,11/21/22,18,16,45,0.3556
UTA,LAC,11/21/22,19,20,50,0.4
BKN,PHI,11/22/22,18,8,38,0.2105
PHI,BKN,11/22/22,17,24,57,0.4211
DEN,DET,11/22/22,17,19,48,0.3958
DET,DEN,11/22/22,19,15,43,0.3488
SAC,MEM,11/22/22,16,15,53,0.283
MEM,SAC,11/22/22,18,15,55,0.2727
LAL,PHX,11/22/22,16,10,52,0.1923
PHX,LAL,11/22/22,17,12,55,0.2182
PHI,CHA,11/23/22,18,13,49,0.2653
CHA,PHI,11/23/22,19,16,55,0.2909
CLE,POR,11/23/22,18,12,35,0.3429
POR,CLE,11/23/22,18,12,43,0.2791
MIN,IND,11/23/22,18,10,31,0.3226
IND,MIN,11/23/22,17,18,60,0.3
ATL,SAC,11/23/22,18,13,52,0.25
SAC,ATL,11/23/22,17,15,54,0.2778
BOS,DAL,11/23/22,18,8,39,0.2051
DAL,BOS,11/23/22,17,9,42,0.2143
MIA,WAS,11/23/22,19,18,56,0.3214
WAS,MIA,11/23/22,18,12,53,0.2264
BKN,TOR,11/23/22,19,9,38,0.2368
TOR,BKN,11/23/22,18,30,69,0.4348
CHI,MIL,11/23/22,18,7,46,0.1522
MIL,CHI,11/23/22,17,18,54,0.3333
DEN,OKC,11/23/22,18,20,50,0.4
OKC,DEN,11/23/22,18,16,56,0.2857
NOP,SAS,11/23/22,18,11,41,0.2683
SAS,NOP,11/23/22,19,13,50,0.26
UTA,DET,11/23/22,20,13,44,0.2955
DET,UTA,11/23/22,20,14,46,0.3043
GSW,LAC,11/23/22,19,15,50,0.3
LAC,GSW,11/23/22,19,16,50,0.32
GSW,UTA,11/25/22,20,21,50,0.42
UTA,GSW,11/25/22,21,16,51,0.3137
PHX,DET,11/25/22,18,15,48,0.3125
DET,PHX,11/25/22,21,21,54,0.3889
LAL,SAS,11/25/22,17,14,46,0.3043
SAS,LAL,11/25/22,20,22,64,0.3438
CHI,OKC,11/25/22,19,16,58,0.2759
OKC,CHI,11/25/22,19,14,52,0.2692
CLE,MIL,11/25/22,19,14,54,0.2593
MIL,CLE,11/25/22,18,11,44,0.25
NOP,MEM,11/25/22,19,14,50,0.28
MEM,NOP,11/25/22,19,16,49,0.3265
ATL,HOU,11/25/22,19,9,48,0.1875
HOU,ATL,11/25/22,18,25,49,0.5102
MIA,WAS,11/25/22,20,14,48,0.2917
WAS,MIA,11/25/22,19,19,56,0.3393
BKN,IND,11/25/22,20,6,42,0.1429
IND,BKN,11/25/22,18,9,46,0.1957
BOS,SAC,11/25/22,19,6,43,0.1395
SAC,BOS,11/25/22,18,17,53,0.3208
NYK,POR,11/25/22,19,19,60,0.3167
POR,NYK,11/25/22,19,16,49,0.3265
ORL,PHI,11/25/22,19,14,48,0.2917
PHI,ORL,11/25/22,19,15,44,0.3409
MIN,CHA,11/25/22,19,13,56,0.2321
CHA,MIN,11/25/22,20,15,52,0.2885
DEN,LAC,11/25/22,19,14,47,0.2979
LAC,DEN,11/25/22,20,7,36,0.1944
DAL,TOR,11/26/22,18,7,40,0.175
TOR,DAL,11/26/22,19,20,53,0.3774
HOU,OKC,11/26/22,19,13,41,0.3171
OKC,HOU,11/26/22,20,18,61,0.2951
LAL,SAS,11/26/22,18,6,36,0.1667
SAS,LAL,11/26/22,21,18,55,0.3273
PHX,UTA,11/26/22,19,19,54,0.3519
UTA,PHX,11/26/22,22,10,43,0.2326
BKN,POR,11/27/22,21,5,38,0.1316
POR,BKN,11/27/22,20,14,48,0.2917
GSW,MIN,11/27/22,21,9,38,0.2368
MIN,GSW,11/27/22,20,10,52,0.1923
LAC,IND,11/27/22,21,21,54,0.3889
IND,LAC,11/27/22,19,12,59,0.2034
ATL,MIA,11/27/22,20,11,54,0.2037
MIA,ATL,11/27/22,21,7,44,0.1591
BOS,WAS,11/27/22,20,13,36,0.3611
WAS,BOS,11/27/22,20,9,41,0.2195
CLE,DET,11/27/22,20,15,47,0.3191
DET,CLE,11/27/22,22,15,49,0.3061
NYK,MEM,11/27/22,20,12,47,0.2553
MEM,NYK,11/27/22,20,21,53,0.3962
ORL,PHI,11/27/22,20,9,47,0.1915
PHI,ORL,11/27/22,20,7,29,0.2414
DAL,MIL,11/27/22,19,9,43,0.2093
MIL,DAL,11/27/22,19,11,40,0.275
ATL,PHI,11/28/22,21,11,39,0.2821
PHI,ATL,11/28/22,21,11,47,0.234
MIN,WAS,11/28/22,21,18,46,0.3913
WAS,MIN,11/28/22,21,8,40,0.2
BOS,CHA,11/28/22,21,13,38,0.3421
CHA,BOS,11/28/22,21,15,46,0.3261
BKN,ORL,11/28/22,22,10,39,0.2564
ORL,BKN,11/28/22,21,12,47,0.2553
CLE,TOR,11/28/22,21,16,58,0.2759
TOR,CLE,11/28/22,20,12,47,0.2553
NOP,OKC,11/28/22,20,17,49,0.3469
OKC,NOP,11/28/22,21,21,58,0.3621
DEN,HOU,11/28/22,20,14,41,0.3415
HOU,DEN,11/28/22,20,17,50,0.34
CHI,UTA,11/28/22,20,16,52,0.3077
UTA,CHI,11/28/22,23,10,47,0.2128
PHX,SAC,11/28/22,20,14,45,0.3111
SAC,PHX,11/28/22,19,9,44,0.2045
LAL,IND,11/28/22,19,18,56,0.3214
IND,LAL,11/28/22,20,21,63,0.3333
NYK,DET,11/29/22,21,18,44,0.4091
DET,NYK,11/29/22,23,8,45,0.1778
DAL,GSW,11/29/22,20,14,57,0.2456
GSW,DAL,11/29/22,22,11,47,0.234
LAC,POR,11/29/22,22,19,53,0.3585
POR,LAC,11/29/22,21,14,50,0.28
LAL,POR,11/30/22,20,16,52,0.3077
POR,LAL,11/30/22,22,14,51,0.2745
IND,SAC,11/30/22,21,15,65,0.2308
SAC,IND,11/30/22,20,13,48,0.2708
LAC,UTA,11/30/22,23,24,59,0.4068
UTA,LAC,11/30/22,24,16,39,0.4103
CHI,PHX,11/30/22,21,6,45,0.1333
PHX,CHI,11/30/22,21,12,45,0.2667
DEN,HOU,11/30/22,21,11,40,0.275
HOU,DEN,11/30/22,21,17,53,0.3208
SAS,OKC,11/30/22,22,16,56,0.2857
OKC,SAS,11/30/22,22,16,49,0.3265
NOP,TOR,11/30/22,21,12,44,0.2727
TOR,NOP,11/30/22,21,9,49,0.1837
MIN,MEM,11/30/22,22,10,50,0.2
MEM,MIN,11/30/22,21,27,55,0.4909
MIL,NYK,11/30/22,20,15,53,0.283
NYK,MIL,11/30/22,22,23,62,0.371
CLE,PHI,11/30/22,22,7,30,0.2333
PHI,CLE,11/30/22,22,10,46,0.2174
ATL,ORL,11/30/22,22,15,45,0.3333
ORL,ATL,11/30/22,22,7,43,0.1628
BOS,MIA,11/30/22,22,12,38,0.3158
MIA,BOS,11/30/22,22,12,43,0.2791
BKN,WAS,11/30/22,23,5,45,0.1111
WAS,BKN,11/30/22,22,20,54,0.3704
DAL,DET,12/1/22,21,6,47,0.1277
DET,DAL,12/1/22,24,16,46,0.3478
CHI,GSW,12/2/22,22,8,55,0.1455
GSW,CHI,12/2/22,23,11,50,0.22
IND,UTA,12/2/22,22,13,57,0.2281
UTA,IND,12/2/22,25,12,41,0.2927
HOU,PHX,12/2/22,22,17,46,0.3696
PHX,HOU,12/2/22,22,13,42,0.3095
NOP,SAS,12/2/22,22,10,53,0.1887
SAS,NOP,12/2/22,23,16,62,0.2581
PHI,MEM,12/2/22,23,13,52,0.25
MEM,PHI,12/2/22,22,22,58,0.3793
LAL,MIL,12/2/22,21,14,47,0.2979
MIL,LAL,12/2/22,21,12,47,0.2553
CLE,ORL,12/2/22,23,10,43,0.2326
ORL,CLE,12/2/22,23,13,43,0.3023
BKN,TOR,12/2/22,24,10,42,0.2381
TOR,BKN,12/2/22,22,14,53,0.2642
BOS,MIA,12/2/22,23,10,51,0.1961
MIA,BOS,12/2/22,23,15,57,0.2632
ATL,DEN,12/2/22,23,13,40,0.325
DEN,ATL,12/2/22,22,12,45,0.2667
WAS,CHA,12/2/22,23,23,50,0.46
CHA,WAS,12/2/22,22,21,59,0.3559
POR,UTA,12/3/22,23,13,49,0.2653
UTA,POR,12/3/22,26,11,49,0.2245
GSW,HOU,12/3/22,24,7,43,0.1628
HOU,GSW,12/3/22,23,18,52,0.3462
OKC,MIN,12/3/22,23,16,49,0.3265
ORL,TOR,12/3/22,24,9,41,0.2195
TOR,ORL,12/3/22,23,15,40,0.375
MIL,CHA,12/3/22,22,10,46,0.2174
CHA,MIL,12/3/22,23,11,54,0.2037
LAC,SAC,12/3/22,24,23,62,0.371
SAC,LAC,12/3/22,21,10,49,0.2041
DAL,NYK,12/3/22,22,17,59,0.2881
NYK,DAL,12/3/22,23,9,47,0.1915
MIN,OKC,12/3/22,23,16,45,0.3556
IND,POR,12/4/22,23,14,52,0.2692
POR,IND,12/4/22,24,14,47,0.2979
CHI,SAC,12/4/22,23,8,50,0.16
SAC,CHI,12/4/22,22,11,47,0.234
LAL,WAS,12/4/22,22,12,48,0.25
WAS,LAL,12/4/22,24,15,58,0.2586
CLE,NYK,12/4/22,24,14,56,0.25
NYK,CLE,12/4/22,24,19,53,0.3585
MEM,DET,12/4/22,23,16,51,0.3137
DET,MEM,12/4/22,25,13,50,0.26
BOS,BKN,12/4/22,24,12,47,0.2553
BKN,BOS,12/4/22,25,13,54,0.2407
PHX,SAS,12/4/22,23,17,48,0.3542
SAS,PHX,12/4/22,24,16,50,0.32
NOP,DEN,12/4/22,23,7,46,0.1522
DEN,NOP,12/4/22,23,12,43,0.2791
GSW,IND,12/5/22,25,16,60,0.2667
IND,GSW,12/5/22,24,16,52,0.3077
DAL,PHX,12/5/22,23,11,40,0.275
PHX,DAL,12/5/22,24,21,54,0.3889
MIA,MEM,12/5/22,24,12,50,0.24
MEM,MIA,12/5/22,24,10,48,0.2083
HOU,PHI,12/5/22,24,26,56,0.4643
PHI,HOU,12/5/22,24,15,53,0.283
BOS,TOR,12/5/22,25,13,49,0.2653
TOR,BOS,12/5/22,24,15,51,0.2941
ATL,OKC,12/5/22,24,21,59,0.3559
OKC,ATL,12/5/22,24,15,52,0.2885
MIL,ORL,12/5/22,23,11,53,0.2075
ORL,MIL,12/5/22,25,18,60,0.3
LAC,CHA,12/5/22,25,17,52,0.3269
CHA,LAC,12/5/22,24,16,54,0.2963
DAL,DEN,12/6/22,24,7,38,0.1842
DEN,DAL,12/6/22,24,10,42,0.2381
MIA,DET,12/6/22,25,11,46,0.2391
DET,MIA,12/6/22,26,12,46,0.2609
CLE,LAL,12/6/22,25,12,45,0.2667
LAL,CLE,12/6/22,23,17,54,0.3148
BOS,PHX,12/7/22,26,15,53,0.283
PHX,BOS,12/7/22,25,16,58,0.2759
NOP,DET,12/7/22,24,14,49,0.2857
DET,NOP,12/7/22,27,13,57,0.2281
MIN,IND,12/7/22,24,22,49,0.449
IND,MIN,12/7/22,25,7,45,0.1556
MIL,SAC,12/7/22,24,20,53,0.3774
SAC,MIL,12/7/22,23,10,49,0.2041
OKC,MEM,12/7/22,25,19,61,0.3115
MEM,OKC,12/7/22,25,13,48,0.2708
CHI,WAS,12/7/22,24,11,46,0.2391
WAS,CHI,12/7/22,25,10,46,0.2174
LAL,TOR,12/7/22,24,12,51,0.2353
TOR,LAL,12/7/22,25,23,62,0.371
ATL,NYK,12/7/22,25,14,58,0.2414
NYK,ATL,12/7/22,25,16,48,0.3333
BKN,CHA,12/7/22,26,8,39,0.2051
CHA,BKN,12/7/22,25,12,46,0.2609
LAC,ORL,12/7/22,26,23,62,0.371
ORL,LAC,12/7/22,26,19,57,0.3333
GSW,UTA,12/7/22,26,20,55,0.3636
UTA,GSW,12/7/22,27,11,41,0.2683
DEN,POR,12/8/22,25,18,47,0.383
POR,DEN,12/8/22,25,15,47,0.3191
HOU,SAS,12/8/22,25,21,57,0.3684
SAS,HOU,12/8/22,25,9,38,0.2368
LAC,MIA,12/8/22,27,9,45,0.2
MIA,LAC,12/8/22,26,8,45,0.1778
DAL,MIL,12/9/22,25,15,57,0.2632
MIL,DAL,12/9/22,25,17,51,0.3333
MIN,UTA,12/9/22,25,10,39,0.2564
UTA,MIN,12/9/22,28,12,53,0.2264
NOP,PHX,12/9/22,25,17,48,0.3542
PHX,NOP,12/9/22,26,12,44,0.2727
MEM,DET,12/9/22,26,17,57,0.2982
DET,MEM,12/9/22,28,17,56,0.3036
LAL,PHI,12/9/22,25,11,48,0.2292
PHI,LAL,12/9/22,25,12,43,0.2791
CLE,SAC,12/9/22,26,14,47,0.2979
SAC,CLE,12/9/22,24,5,36,0.1389
ATL,BKN,12/9/22,26,16,47,0.3404
BKN,ATL,12/9/22,27,12,39,0.3077
ORL,TOR,12/9/22,27,4,30,0.1333
TOR,ORL,12/9/22,26,11,51,0.2157
NYK,CHA,12/9/22,26,23,56,0.4107
CHA,NYK,12/9/22,26,14,50,0.28
IND,WAS,12/9/22,26,18,44,0.4091
WAS,IND,12/9/22,26,13,41,0.3171
MIN,POR,12/10/22,26,7,42,0.1667
POR,MIN,12/10/22,26,15,42,0.3571
DEN,UTA,12/10/22,26,7,41,0.1707
UTA,DEN,12/10/22,29,12,49,0.2449
BOS,GSW,12/10/22,27,8,51,0.1569
GSW,BOS,12/10/22,27,13,47,0.2766
CLE,OKC,12/10/22,27,15,50,0.3
OKC,CLE,12/10/22,26,10,47,0.2128
LAC,WAS,12/10/22,28,12,55,0.2182
WAS,LAC,12/10/22,27,11,49,0.2245
BKN,IND,12/10/22,28,29,53,0.5472
MIA,SAS,12/10/22,27,8,47,0.1702
SAS,MIA,12/10/22,26,14,41,0.3415
IND,BKN,12/10/22,27,10,41,0.2439
CHI,DAL,12/10/22,25,5,35,0.1429
DAL,CHI,12/10/22,26,9,50,0.18
HOU,MIL,12/11/22,26,13,52,0.25
MIL,HOU,12/11/22,26,17,60,0.2833
ATL,CHI,12/11/22,27,11,53,0.2075
CHI,ATL,12/11/22,26,17,56,0.3036
PHI,CHA,12/11/22,26,11,41,0.2683
CHA,PHI,12/11/22,27,22,57,0.386
ORL,TOR,12/11/22,28,18,44,0.4091
TOR,ORL,12/11/22,27,11,48,0.2292
NYK,SAC,12/11/22,27,17,50,0.34
SAC,NYK,12/11/22,25,13,55,0.2364
LAL,DET,12/11/22,26,7,40,0.175
DET,LAL,12/11/22,29,14,51,0.2745
NOP,PHX,12/11/22,26,11,40,0.275
PHX,NOP,12/11/22,27,23,59,0.3898
BOS,LAC,12/12/22,28,7,47,0.1489
LAC,BOS,12/12/22,29,14,49,0.2857
MIN,POR,12/12/22,27,8,52,0.1538
POR,MIN,12/12/22,27,13,45,0.2889
CLE,SAS,12/12/22,28,19,47,0.4043
SAS,CLE,12/12/22,27,20,53,0.3774
DAL,OKC,12/12/22,27,20,55,0.3636
OKC,DAL,12/12/22,27,11,46,0.2391
ATL,MEM,12/12/22,28,27,72,0.375
MEM,ATL,12/12/22,27,14,35,0.4
BKN,WAS,12/12/22,29,8,46,0.1739
WAS,BKN,12/12/22,28,10,45,0.2222
MIA,IND,12/12/22,28,13,53,0.2453
IND,MIA,12/12/22,28,15,55,0.2727
BOS,LAL,12/13/22,29,16,60,0.2667
LAL,BOS,12/13/22,27,10,52,0.1923
NOP,UTA,12/13/22,27,20,61,0.3279
UTA,NOP,12/13/22,30,25,57,0.4386
HOU,PHX,12/13/22,27,20,49,0.4082
PHX,HOU,12/13/22,28,21,71,0.2958
GSW,MIL,12/13/22,28,14,60,0.2333
MIL,GSW,12/13/22,27,12,39,0.3077
PHI,SAC,12/13/22,27,4,43,0.093
SAC,PHI,12/13/22,26,16,55,0.2909
LAC,MIN,12/14/22,30,19,55,0.3455
MIN,LAC,12/14/22,28,9,48,0.1875
DEN,WAS,12/14/22,27,9,30,0.3
WAS,DEN,12/14/22,29,8,48,0.1667
CLE,DAL,12/14/22,29,10,38,0.2632
DAL,CLE,12/14/22,28,11,50,0.22
MIA,OKC,12/14/22,29,11,51,0.2157
OKC,MIA,12/14/22,28,9,44,0.2045
CHI,NYK,12/14/22,27,4,40,0.1
NYK,CHI,12/14/22,28,19,50,0.38
SAC,TOR,12/14/22,27,18,49,0.3673
TOR,SAC,12/14/22,28,12,50,0.24
ATL,ORL,12/14/22,29,12,46,0.2609
ORL,ATL,12/14/22,29,18,49,0.3673
GSW,IND,12/14/22,29,15,46,0.3261
IND,GSW,12/14/22,29,8,45,0.1778
DET,CHA,12/14/22,30,15,54,0.2778
CHA,DET,12/14/22,28,22,69,0.3188
POR,SAS,12/14/22,28,9,35,0.2571
SAS,POR,12/14/22,28,20,56,0.3571
LAC,PHX,12/15/22,31,24,62,0.3871
PHX,LAC,12/15/22,29,19,53,0.3585
NOP,UTA,12/15/22,28,21,56,0.375
UTA,NOP,12/15/22,31,21,53,0.3962
MIL,MEM,12/15/22,28,15,61,0.2459
MEM,MIL,12/15/22,28,16,47,0.3404
HOU,MIA,12/15/22,28,21,51,0.4118
MIA,HOU,12/15/22,30,17,52,0.3269
DAL,POR,12/16/22,29,6,39,0.1538
POR,DAL,12/16/22,29,14,54,0.2593
MIN,OKC,12/16/22,29,13,50,0.26
OKC,MIN,12/16/22,29,16,49,0.3265
CHI,NYK,12/16/22,28,4,41,0.0976
NYK,CHI,12/16/22,29,21,61,0.3443
BKN,TOR,12/16/22,30,6,32,0.1875
TOR,BKN,12/16/22,29,11,46,0.2391
GSW,PHI,12/16/22,30,15,56,0.2679
PHI,GSW,12/16/22,28,13,49,0.2653
CLE,IND,12/16/22,30,10,41,0.2439
IND,CLE,12/16/22,30,7,38,0.1842
ATL,CHA,12/16/22,30,5,37,0.1351
CHA,ATL,12/16/22,29,23,62,0.371
SAC,DET,12/16/22,28,9,42,0.2143
DET,SAC,12/16/22,31,16,48,0.3333
BOS,ORL,12/16/22,30,12,52,0.2308
ORL,BOS,12/16/22,30,20,52,0.3846
DEN,LAL,12/16/22,28,9,43,0.2093
LAL,DEN,12/16/22,28,15,46,0.3261
OKC,MEM,12/17/22,30,13,59,0.2203
MEM,OKC,12/17/22,29,13,60,0.2167
MIL,UTA,12/17/22,29,17,43,0.3953
UTA,MIL,12/17/22,32,8,49,0.1633
HOU,POR,12/17/22,29,28,55,0.5091
POR,HOU,12/17/22,30,11,46,0.2391
CLE,DAL,12/17/22,31,17,59,0.2881
DAL,CLE,12/17/22,30,11,55,0.2
MIA,SAS,12/17/22,31,10,44,0.2273
SAS,MIA,12/17/22,29,14,48,0.2917
LAC,WAS,12/17/22,32,15,54,0.2778
WAS,LAC,12/17/22,30,10,48,0.2083
NOP,PHX,12/17/22,29,6,33,0.1818
PHX,NOP,12/17/22,30,14,49,0.2857
BOS,ORL,12/18/22,31,17,60,0.2833
ORL,BOS,12/18/22,31,7,53,0.1321
LAL,WAS,12/18/22,29,9,49,0.1837
WAS,LAL,12/18/22,31,14,54,0.2593
NYK,IND,12/18/22,30,15,47,0.3191
IND,NYK,12/18/22,31,17,55,0.3091
BKN,DET,12/18/22,31,6,38,0.1579
DET,BKN,12/18/22,32,15,48,0.3125
GSW,TOR,12/18/22,31,15,40,0.375
TOR,GSW,12/18/22,30,23,58,0.3966
CHI,MIN,12/18/22,29,9,44,0.2045
MIN,CHI,12/18/22,30,7,32,0.2188
DEN,CHA,12/18/22,29,19,56,0.3393
CHA,DEN,12/18/22,30,12,55,0.2182
CLE,UTA,12/19/22,32,6,28,0.2143
UTA,CLE,12/19/22,33,19,61,0.3115
POR,OKC,12/19/22,31,16,46,0.3478
OKC,POR,12/19/22,31,17,51,0.3333
ATL,ORL,12/19/22,31,11,48,0.2292
ORL,ATL,12/19/22,32,16,52,0.3077
DAL,MIN,12/19/22,31,11,47,0.234
MIN,DAL,12/19/22,31,12,50,0.24
LAL,PHX,12/19/22,30,14,50,0.28
PHX,LAL,12/19/22,31,18,49,0.3673
PHI,TOR,12/19/22,29,8,49,0.1633
TOR,PHI,12/19/22,31,13,52,0.25
HOU,SAS,12/19/22,30,21,61,0.3443
SAS,HOU,12/19/22,30,12,38,0.3158
NOP,MIL,12/19/22,30,21,60,0.35
MIL,NOP,12/19/22,30,9,38,0.2368
SAC,CHA,12/19/22,29,12,58,0.2069
CHA,SAC,12/19/22,31,15,49,0.3061
GSW,NYK,12/20/22,32,5,39,0.1282
NYK,GSW,12/20/22,31,18,44,0.4091
PHX,WAS,12/20/22,32,17,50,0.34
WAS,PHX,12/20/22,32,13,47,0.2766
UTA,DET,12/20/22,34,17,51,0.3333
DET,UTA,12/20/22,33,12,44,0.2727
CHI,MIA,12/20/22,30,8,34,0.2353
MIA,CHI,12/20/22,32,9,45,0.2
DEN,MEM,12/20/22,30,18,54,0.3333
MEM,DEN,12/20/22,30,8,48,0.1667
LAL,SAC,12/21/22,31,5,44,0.1136
SAC,LAL,12/21/22,30,15,51,0.2941
NYK,TOR,12/21/22,32,13,39,0.3333
TOR,NYK,12/21/22,32,21,53,0.3962
CLE,MIL,12/21/22,33,12,46,0.2609
MIL,CLE,12/21/22,31,16,48,0.3333
LAC,CHA,12/21/22,33,10,40,0.25
CHA,LAC,12/21/22,32,11,56,0.1964
DAL,MIN,12/21/22,32,10,42,0.2381
MIN,DAL,12/21/22,32,11,46,0.2391
GSW,BKN,12/21/22,33,12,45,0.2667
BKN,GSW,12/21/22,32,4,31,0.129
HOU,ORL,12/21/22,31,12,49,0.2449
ORL,HOU,12/21/22,33,15,58,0.2586
BOS,IND,12/21/22,32,29,64,0.4531
IND,BOS,12/21/22,32,13,54,0.2407
POR,OKC,12/21/22,32,11,42,0.2619
OKC,POR,12/21/22,32,15,43,0.3488
PHI,DET,12/21/22,30,14,52,0.2692
DET,PHI,12/21/22,34,16,53,0.3019
ATL,CHI,12/21/22,32,13,52,0.25
CHI,ATL,12/21/22,31,8,46,0.1739
NOP,SAS,12/22/22,31,18,48,0.375
SAS,NOP,12/22/22,31,17,49,0.3469
UTA,WAS,12/22/22,35,9,45,0.2
WAS,UTA,12/22/22,33,3,38,0.0789
MIN,BOS,12/23/22,33,14,50,0.28
ORL,SAS,12/23/22,34,13,40,0.325
SAS,ORL,12/23/22,32,16,55,0.2909
CHI,NYK,12/23/22,32,13,51,0.2549
NYK,CHI,12/23/22,33,17,50,0.34
LAC,PHI,12/23/22,34,8,42,0.1905
PHI,LAC,12/23/22,31,10,41,0.2439
SAC,WAS,12/23/22,31,14,52,0.2692
WAS,SAC,12/23/22,34,8,43,0.186
CLE,TOR,12/23/22,34,8,42,0.1905
TOR,CLE,12/23/22,33,13,44,0.2955
BOS,MIN,12/23/22,33,21,57,0.3684
MIA,IND,12/23/22,33,19,54,0.3519
IND,MIA,12/23/22,33,12,45,0.2667
PHX,MEM,12/23/22,33,18,54,0.3333
MEM,PHX,12/23/22,31,24,49,0.4898
LAL,CHA,12/23/22,32,14,46,0.3043
CHA,LAL,12/23/22,33,13,44,0.2955
DAL,HOU,12/23/22,33,11,47,0.234
HOU,DAL,12/23/22,32,13,45,0.2889
NOP,OKC,12/23/22,32,17,55,0.3091
OKC,NOP,12/23/22,33,12,58,0.2069
DEN,POR,12/23/22,31,8,39,0.2051
POR,DEN,12/23/22,33,16,53,0.3019
MIL,BKN,12/23/22,32,16,51,0.3137
BKN,MIL,12/23/22,33,16,48,0.3333
ATL,DET,12/23/22,33,10,46,0.2174
DET,ATL,12/23/22,35,14,54,0.2593
BOS,MIL,12/25/22,34,5,37,0.1351
MIL,BOS,12/25/22,33,12,45,0.2667
GSW,MEM,12/25/22,34,13,52,0.25
MEM,GSW,12/25/22,32,14,58,0.2414
DAL,LAL,12/25/22,34,13,45,0.2889
LAL,DAL,12/25/22,33,11,43,0.2558
NYK,PHI,12/25/22,34,18,49,0.3673
PHI,NYK,12/25/22,32,7,42,0.1667
DEN,PHX,12/25/22,32,17,52,0.3269
PHX,DEN,12/25/22,34,14,54,0.2593
LAC,DET,12/26/22,35,11,42,0.2619
DET,LAC,12/26/22,36,20,60,0.3333
CHI,HOU,12/26/22,33,9,49,0.1837
HOU,CHI,12/26/22,33,13,43,0.3023
NOP,IND,12/26/22,33,21,52,0.4038
IND,NOP,12/26/22,34,8,51,0.1569
CLE,BKN,12/26/22,35,11,45,0.2444
BKN,CLE,12/26/22,34,12,38,0.3158
SAS,UTA,12/26/22,33,10,43,0.2326
UTA,SAS,12/26/22,36,22,59,0.3729
MIA,MIN,12/26/22,34,17,56,0.3036
MIN,MIA,12/26/22,34,10,40,0.25
POR,CHA,12/26/22,34,13,44,0.2955
CHA,POR,12/26/22,34,26,68,0.3824
ATL,IND,12/27/22,34,9,52,0.1731
IND,ATL,12/27/22,35,13,48,0.2708
LAC,TOR,12/27/22,36,19,50,0.38
TOR,LAC,12/27/22,34,12,45,0.2667
PHX,MEM,12/27/22,35,19,47,0.4043
MEM,PHX,12/27/22,33,19,57,0.3333
DEN,SAC,12/27/22,33,12,46,0.2609
SAC,DEN,12/27/22,32,9,43,0.2093
GSW,CHA,12/27/22,35,13,55,0.2364
CHA,GSW,12/27/22,35,13,55,0.2364
SAS,OKC,12/27/22,34,23,55,0.4182
OKC,SAS,12/27/22,34,15,43,0.3488
LAL,ORL,12/27/22,34,13,43,0.3023
ORL,LAL,12/27/22,35,8,45,0.1778
DAL,NYK,12/27/22,35,10,50,0.2
NYK,DAL,12/27/22,35,21,63,0.3333
PHI,WAS,12/27/22,33,16,45,0.3556
WAS,PHI,12/27/22,35,18,49,0.3673
BOS,HOU,12/27/22,35,12,50,0.24
HOU,BOS,12/27/22,34,16,57,0.2807
CHI,MIL,12/28/22,34,12,53,0.2264
MIL,CHI,12/28/22,34,26,76,0.3421
PHX,WAS,12/28/22,36,16,51,0.3137
WAS,PHX,12/28/22,36,16,36,0.4444
LAL,MIA,12/28/22,35,14,42,0.3333
MIA,LAL,12/28/22,35,14,50,0.28
ORL,DET,12/28/22,36,16,54,0.2963
DET,ORL,12/28/22,37,14,48,0.2917
DEN,SAC,12/28/22,34,11,36,0.3056
SAC,DEN,12/28/22,33,15,45,0.3333
ATL,BKN,12/28/22,35,16,59,0.2712
BKN,ATL,12/28/22,35,6,43,0.1395
GSW,UTA,12/28/22,36,11,53,0.2075
UTA,GSW,12/28/22,37,13,58,0.2241
NOP,MIN,12/28/22,34,13,47,0.2766
MIN,NOP,12/28/22,35,8,45,0.1778
CLE,IND,12/29/22,36,18,48,0.375
IND,CLE,12/29/22,36,6,37,0.1622
NYK,SAS,12/29/22,36,19,55,0.3455
SAS,NYK,12/29/22,35,18,45,0.4
DAL,HOU,12/29/22,36,10,49,0.2041
HOU,DAL,12/29/22,35,16,57,0.2807
TOR,MEM,12/29/22,35,20,61,0.3279
MEM,TOR,12/29/22,34,20,50,0.4
BOS,LAC,12/29/22,36,14,50,0.28
LAC,BOS,12/29/22,37,10,50,0.2
OKC,CHA,12/29/22,35,18,59,0.3051
CHA,OKC,12/29/22,36,13,44,0.2955
SAC,UTA,12/30/22,34,14,44,0.3182
UTA,SAC,12/30/22,38,9,39,0.2308
MIL,MIN,12/30/22,35,23,54,0.4259
MIN,MIL,12/30/22,36,9,59,0.1525
DEN,MIA,12/30/22,35,7,33,0.2121
MIA,DEN,12/30/22,36,14,48,0.2917
GSW,POR,12/30/22,37,19,52,0.3654
POR,GSW,12/30/22,35,21,54,0.3889
ATL,LAL,12/30/22,36,14,57,0.2456
LAL,ATL,12/30/22,36,15,45,0.3333
PHX,TOR,12/30/22,37,13,37,0.3514
TOR,PHX,12/30/22,36,9,43,0.2093
CHI,DET,12/30/22,35,15,39,0.3846
DET,CHI,12/30/22,38,18,48,0.375
ORL,WAS,12/30/22,37,12,62,0.1935
WAS,ORL,12/30/22,37,6,36,0.1667
NOP,PHI,12/30/22,35,13,43,0.3023
PHI,NOP,12/30/22,34,6,35,0.1714
CLE,CHI,12/31/22,37,17,51,0.3333
CHI,CLE,12/31/22,36,9,44,0.2045
BKN,CHA,12/31/22,36,2,34,0.0588
CHA,BKN,12/31/22,37,17,59,0.2881
PHI,OKC,12/31/22,35,19,56,0.3393
OKC,PHI,12/31/22,36,17,61,0.2787
DAL,SAS,12/31/22,37,8,41,0.1951
SAS,DAL,12/31/22,36,19,44,0.4318
MIN,DET,12/31/22,37,10,48,0.2083
DET,MIN,12/31/22,39,17,51,0.3333
HOU,NYK,12/31/22,36,17,52,0.3269
NYK,HOU,12/31/22,37,19,60,0.3167
NOP,MEM,12/31/22,36,23,63,0.3651
MEM,NOP,12/31/22,35,15,48,0.3125
MIA,UTA,12/31/22,37,15,49,0.3061
UTA,MIA,12/31/22,39,20,48,0.4167
LAC,IND,12/31/22,38,8,38,0.2105
IND,LAC,12/31/22,37,12,44,0.2727
MIL,WAS,1/1/23,36,18,63,0.2857
WAS,MIL,1/1/23,38,17,48,0.3542
BOS,DEN,1/1/23,37,12,48,0.25
DEN,BOS,1/1/23,36,4,35,0.1143
SAC,MEM,1/1/23,35,19,57,0.3333
MEM,SAC,1/1/23,36,24,58,0.4138
DAL,HOU,1/2/23,38,10,50,0.2
HOU,DAL,1/2/23,37,10,48,0.2083
POR,DET,1/2/23,36,7,45,0.1556
DET,POR,1/2/23,40,12,51,0.2353
DEN,MIN,1/2/23,37,18,51,0.3529
MIN,DEN,1/2/23,38,15,44,0.3409
BKN,SAS,1/2/23,37,8,37,0.2162
SAS,BKN,1/2/23,37,19,60,0.3167
LAC,MIA,1/2/23,39,4,41,0.0976
MIA,LAC,1/2/23,38,14,48,0.2917
ATL,GSW,1/2/23,37,12,58,0.2069
GSW,ATL,1/2/23,38,26,71,0.3662
NOP,PHI,1/2/23,37,15,45,0.3333
PHI,NOP,1/2/23,36,9,48,0.1875
LAL,CHA,1/2/23,37,12,54,0.2222
CHA,LAL,1/2/23,38,11,57,0.193
IND,TOR,1/2/23,38,21,48,0.4375
TOR,IND,1/2/23,37,14,54,0.2593
CLE,CHI,1/2/23,38,14,52,0.2692
CHI,CLE,1/2/23,37,12,51,0.2353
NYK,PHX,1/2/23,38,10,42,0.2381
PHX,NYK,1/2/23,38,12,54,0.2222
BOS,OKC,1/3/23,38,13,50,0.26
OKC,BOS,1/3/23,37,15,44,0.3409
MIL,WAS,1/3/23,37,18,52,0.3462
WAS,MIL,1/3/23,39,17,55,0.3091
SAC,UTA,1/3/23,36,10,42,0.2381
UTA,SAC,1/3/23,40,16,51,0.3137
CLE,PHX,1/4/23,39,10,51,0.1961
PHX,CLE,1/4/23,39,11,52,0.2115
LAL,MIA,1/4/23,38,12,43,0.2791
MIA,LAL,1/4/23,39,19,55,0.3455
MEM,CHA,1/4/23,37,16,51,0.3137
CHA,MEM,1/4/23,39,10,58,0.1724
IND,PHI,1/4/23,39,18,51,0.3529
PHI,IND,1/4/23,37,17,52,0.3269
ORL,OKC,1/4/23,38,15,42,0.3571
OKC,ORL,1/4/23,38,15,54,0.2778
NYK,SAS,1/4/23,39,22,53,0.4151
SAS,NYK,1/4/23,38,10,45,0.2222
NOP,HOU,1/4/23,38,18,50,0.36
HOU,NOP,1/4/23,38,15,53,0.283
MIL,TOR,1/4/23,38,18,57,0.3158
TOR,MIL,1/4/23,38,21,81,0.2593
MIN,POR,1/4/23,39,14,42,0.3333
POR,MIN,1/4/23,37,17,47,0.3617
CHI,BKN,1/4/23,38,8,39,0.2051
BKN,CHI,1/4/23,38,6,51,0.1176
GSW,DET,1/4/23,39,10,42,0.2381
DET,GSW,1/4/23,41,14,49,0.2857
ATL,SAC,1/4/23,38,9,41,0.2195
SAC,ATL,1/4/23,37,11,48,0.2292
ORL,MEM,1/5/23,39,9,49,0.1837
MEM,ORL,1/5/23,38,14,48,0.2917
BOS,DAL,1/5/23,39,11,45,0.2444
DAL,BOS,1/5/23,39,14,58,0.2414
HOU,UTA,1/5/23,39,18,55,0.3273
UTA,HOU,1/5/23,41,10,47,0.2128
DEN,LAC,1/5/23,38,13,47,0.2766
LAC,DEN,1/5/23,40,13,61,0.2131
CLE,DEN,1/6/23,40,20,56,0.3571
DEN,CLE,1/6/23,39,17,41,0.4146
OKC,WAS,1/6/23,39,13,50,0.26
WAS,OKC,1/6/23,40,14,46,0.3043
NOP,BKN,1/6/23,39,20,55,0.3636
BKN,NOP,1/6/23,39,12,49,0.2449
ATL,LAL,1/6/23,39,10,55,0.1818
LAL,ATL,1/6/23,39,10,44,0.2273
SAS,DET,1/6/23,39,11,38,0.2895
DET,SAS,1/6/23,42,16,53,0.3019
MIL,CHA,1/6/23,39,14,52,0.2692
CHA,MIL,1/6/23,40,16,51,0.3137
CHI,PHI,1/6/23,39,9,39,0.2308
PHI,CHI,1/6/23,38,14,53,0.2642
IND,POR,1/6/23,40,7,48,0.1458
POR,IND,1/6/23,38,15,57,0.2632
LAC,MIN,1/6/23,41,22,61,0.3607
MIN,LAC,1/6/23,40,13,38,0.3421
MIA,PHX,1/6/23,40,8,46,0.1739
PHX,MIA,1/6/23,40,12,48,0.25
NYK,TOR,1/6/23,40,16,50,0.32
TOR,NYK,1/6/23,39,13,53,0.2453
BOS,SAS,1/7/23,40,12,52,0.2308
SAS,BOS,1/7/23,40,16,53,0.3019
CHI,UTA,1/7/23,40,8,44,0.1818
UTA,CHI,1/7/23,42,11,49,0.2245
GSW,ORL,1/7/23,40,16,58,0.2759
ORL,GSW,1/7/23,40,9,49,0.1837
NOP,DAL,1/7/23,40,20,55,0.3636
DAL,NOP,1/7/23,40,7,36,0.1944
LAL,SAC,1/7/23,40,12,36,0.3333
SAC,LAL,1/7/23,38,17,46,0.3696
HOU,MIN,1/8/23,40,18,57,0.3158
MIN,HOU,1/8/23,41,12,44,0.2727
CLE,PHX,1/8/23,41,6,37,0.1622
PHX,CLE,1/8/23,41,10,48,0.2083
MIA,BKN,1/8/23,41,20,57,0.3509
BKN,MIA,1/8/23,40,11,39,0.2821
POR,TOR,1/8/23,39,14,44,0.3182
TOR,POR,1/8/23,40,16,53,0.3019
UTA,MEM,1/8/23,43,13,45,0.2889
MEM,UTA,1/8/23,39,18,59,0.3051
IND,CHA,1/8/23,41,14,53,0.2642
CHA,IND,1/8/23,41,17,53,0.3208
PHI,DET,1/8/23,39,16,50,0.32
DET,PHI,1/8/23,43,14,45,0.3111
DAL,OKC,1/8/23,41,11,47,0.234
OKC,DAL,1/8/23,40,16,51,0.3137
ATL,LAC,1/8/23,40,8,48,0.1667
LAC,ATL,1/8/23,42,22,60,0.3667
MIL,NYK,1/9/23,40,17,52,0.3269
NYK,MIL,1/9/23,41,23,63,0.3651
ORL,SAC,1/9/23,41,12,51,0.2353
SAC,ORL,1/9/23,39,12,46,0.2609
DEN,LAL,1/9/23,40,17,54,0.3148
LAL,DEN,1/9/23,41,11,55,0.2
NOP,WAS,1/9/23,41,16,47,0.3404
WAS,NOP,1/9/23,41,9,42,0.2143
BOS,CHI,1/9/23,41,11,50,0.22
CHI,BOS,1/9/23,41,7,50,0.14
SAS,MEM,1/9/23,41,14,55,0.2545
MEM,SAS,1/9/23,40,17,52,0.3269
TOR,CHA,1/10/23,41,19,48,0.3958
CHA,TOR,1/10/23,42,9,42,0.2143
MIA,OKC,1/10/23,42,17,48,0.3542
OKC,MIA,1/10/23,41,20,49,0.4082
PHI,DET,1/10/23,40,13,36,0.3611
DET,PHI,1/10/23,44,9,55,0.1636
CLE,UTA,1/10/23,42,9,50,0.18
UTA,CLE,1/10/23,44,20,52,0.3846
ORL,POR,1/10/23,42,10,40,0.25
POR,ORL,1/10/23,40,16,45,0.3556
GSW,PHX,1/10/23,41,19,61,0.3115
PHX,GSW,1/10/23,42,20,50,0.4
DAL,LAC,1/10/23,42,9,43,0.2093
LAC,DAL,1/10/23,43,18,51,0.3529
CHI,WAS,1/11/23,42,9,50,0.18
WAS,CHI,1/11/23,42,13,47,0.2766
MIN,DET,1/11/23,42,17,49,0.3469
DET,MIN,1/11/23,45,9,34,0.2647
BOS,NOP,1/11/23,42,13,48,0.2708
NOP,BOS,1/11/23,42,4,45,0.0889
ATL,MIL,1/11/23,41,6,50,0.12
MIL,ATL,1/11/23,41,16,56,0.2857
NYK,IND,1/11/23,42,14,48,0.2917
IND,NYK,1/11/23,42,9,50,0.18
SAS,MEM,1/11/23,42,19,59,0.322
MEM,SAS,1/11/23,41,20,53,0.3774
HOU,SAC,1/11/23,41,14,54,0.2593
SAC,HOU,1/11/23,40,13,53,0.2453
DEN,PHX,1/11/23,41,12,42,0.2857
PHX,DEN,1/11/23,43,20,52,0.3846
TOR,CHA,1/12/23,42,10,43,0.2326
CHA,TOR,1/12/23,43,14,41,0.3415
CLE,POR,1/12/23,43,14,49,0.2857
POR,CLE,1/12/23,41,7,41,0.1707
MIA,MIL,1/12/23,43,20,53,0.3774
MIL,MIA,1/12/23,42,11,55,0.2
BOS,BKN,1/12/23,43,15,46,0.3261
BKN,BOS,1/12/23,41,8,47,0.1702
PHI,OKC,1/12/23,41,13,50,0.26
OKC,PHI,1/12/23,42,10,43,0.2326
DAL,LAL,1/12/23,43,5,50,0.1
LAL,DAL,1/12/23,42,17,73,0.2329
NOP,DET,1/13/23,43,12,48,0.25
DET,NOP,1/13/23,46,8,51,0.1569
NYK,WAS,1/13/23,43,17,55,0.3091
WAS,NYK,1/13/23,43,17,59,0.2881
ATL,IND,1/13/23,42,20,55,0.3636
IND,ATL,1/13/23,43,26,64,0.4062
CHI,OKC,1/13/23,43,13,48,0.2708
OKC,CHI,1/13/23,43,15,47,0.3191
MIN,PHX,1/13/23,43,11,45,0.2444
PHX,MIN,1/13/23,44,11,45,0.2444
ORL,UTA,1/13/23,43,14,59,0.2373
UTA,ORL,1/13/23,45,19,50,0.38
GSW,SAS,1/13/23,42,13,47,0.2766
SAS,GSW,1/13/23,43,10,53,0.1887
DEN,LAC,1/13/23,42,11,45,0.2444
LAC,DEN,1/13/23,44,14,47,0.2979
HOU,SAC,1/13/23,42,19,55,0.3455
SAC,HOU,1/13/23,41,16,40,0.4
BOS,CHA,1/14/23,44,15,53,0.283
CHA,BOS,1/14/23,44,11,47,0.234
CLE,MIN,1/14/23,44,9,40,0.225
MIN,CLE,1/14/23,44,6,38,0.1579
ATL,TOR,1/14/23,43,7,42,0.1667
TOR,ATL,1/14/23,43,18,53,0.3396
MIA,MIL,1/14/23,44,14,43,0.3256
MIL,MIA,1/14/23,43,11,51,0.2157
PHI,UTA,1/14/23,42,11,51,0.2157
UTA,PHI,1/14/23,46,16,48,0.3333
IND,MEM,1/14/23,44,24,65,0.3692
MEM,IND,1/14/23,42,8,42,0.1905
DAL,POR,1/14/23,44,4,44,0.0909
POR,DAL,1/14/23,42,13,40,0.325
CHI,GSW,1/15/23,44,10,47,0.2128
GSW,CHI,1/15/23,43,10,46,0.2174
SAC,SAS,1/15/23,42,10,43,0.2326
DAL,POR,1/15/23,45,15,50,0.3
LAL,PHI,1/15/23,43,6,41,0.1463
BKN,OKC,1/15/23,42,17,57,0.2982
POR,DAL,1/15/23,43,13,43,0.3023
PHI,LAL,1/15/23,43,9,44,0.2045
OKC,BKN,1/15/23,44,14,52,0.2692
DEN,ORL,1/15/23,43,15,45,0.3333
SAS,SAC,1/15/23,44,16,50,0.32
ORL,DEN,1/15/23,44,14,45,0.3111
NYK,DET,1/15/23,44,19,51,0.3725
DET,NYK,1/15/23,47,11,48,0.2292
HOU,LAC,1/15/23,43,13,50,0.26
LAC,HOU,1/15/23,45,13,45,0.2889
CHA,BOS,1/16/23,45,15,51,0.2941
MIL,IND,1/16/23,44,12,45,0.2667
BOS,CHA,1/16/23,45,17,44,0.3864
IND,MIL,1/16/23,45,5,42,0.119
GSW,WAS,1/16/23,44,10,46,0.2174
NOP,CLE,1/16/23,44,7,40,0.175
CLE,NOP,1/16/23,45,15,44,0.3409
MIA,ATL,1/16/23,45,16,46,0.3478
WAS,GSW,1/16/23,44,9,44,0.2045
MIN,UTA,1/16/23,45,20,57,0.3509
ATL,MIA,1/16/23,44,4,35,0.1143
TOR,NYK,1/16/23,44,23,62,0.371
NYK,TOR,1/16/23,45,27,61,0.4426
UTA,MIN,1/16/23,47,17,42,0.4048
PHX,MEM,1/16/23,45,12,51,0.2353
MEM,PHX,1/16/23,43,16,49,0.3265
LAL,HOU,1/16/23,44,11,44,0.25
HOU,LAL,1/16/23,44,23,55,0.4182
MIL,TOR,1/17/23,45,10,41,0.2439
BKN,SAS,1/17/23,43,11,52,0.2115
TOR,MIL,1/17/23,45,23,60,0.3833
SAS,BKN,1/17/23,45,21,61,0.3443
DEN,POR,1/17/23,44,16,47,0.3404
POR,DEN,1/17/23,44,10,45,0.2222
LAC,PHI,1/17/23,46,16,43,0.3721
PHI,LAC,1/17/23,44,10,36,0.2778
LAC,UTA,1/18/23,47,21,57,0.3684
WAS,NYK,1/18/23,45,25,55,0.4545
NYK,WAS,1/18/23,46,22,63,0.3492
UTA,LAC,1/18/23,48,11,46,0.2391
ATL,DAL,1/18/23,45,12,37,0.3243
DAL,ATL,1/18/23,46,14,43,0.3256
MIN,DEN,1/18/23,46,14,43,0.3256
LAL,SAC,1/18/23,45,12,49,0.2449
MEM,CLE,1/18/23,44,21,57,0.3684
DEN,MIN,1/18/23,45,17,44,0.3864
CLE,MEM,1/18/23,46,15,45,0.3333
SAC,LAL,1/18/23,43,15,47,0.3191
CHA,HOU,1/18/23,46,13,52,0.25
OKC,IND,1/18/23,45,16,49,0.3265
IND,OKC,1/18/23,46,27,58,0.4655
MIA,NOP,1/18/23,46,16,46,0.3478
NOP,MIA,1/18/23,45,12,48,0.25
HOU,CHA,1/18/23,45,16,46,0.3478
CHI,DET,1/19/23,45,11,44,0.25
DET,CHI,1/19/23,48,23,60,0.3833
BOS,GSW,1/19/23,46,24,67,0.3582
TOR,MIN,1/19/23,46,13,44,0.2955
MIN,TOR,1/19/23,47,14,45,0.3111
GSW,BOS,1/19/23,45,12,61,0.1967
PHX,BKN,1/19/23,46,17,51,0.3333
BKN,PHX,1/19/23,44,5,44,0.1136
PHI,POR,1/19/23,45,10,42,0.2381
POR,PHI,1/19/23,45,19,57,0.3333
CLE,GSW,1/20/23,47,11,43,0.2558
SAS,LAC,1/20/23,46,15,39,0.3846
LAC,SAS,1/20/23,48,11,33,0.3333
MEM,LAL,1/20/23,45,30,68,0.4412
SAC,OKC,1/20/23,44,18,48,0.375
LAL,MEM,1/20/23,46,18,60,0.3
UTA,BKN,1/20/23,49,17,55,0.3091
OKC,SAC,1/20/23,46,9,51,0.1765
IND,DEN,1/20/23,47,22,51,0.4314
BKN,UTA,1/20/23,45,8,43,0.186
DEN,IND,1/20/23,46,12,37,0.3243
MIA,DAL,1/20/23,47,9,39,0.2308
NOP,ORL,1/20/23,46,15,54,0.2778
DAL,MIA,1/20/23,47,11,45,0.2444
NYK,ATL,1/20/23,47,10,37,0.2703
ORL,NOP,1/20/23,45,7,39,0.1795
GSW,CLE,1/20/23,46,17,45,0.3778
ATL,NYK,1/20/23,46,19,45,0.4222
SAC,PHI,1/21/23,45,8,41,0.1951
BOS,TOR,1/21/23,47,12,48,0.25
PHX,IND,1/21/23,47,19,59,0.322
PHI,SAC,1/21/23,46,19,45,0.4222
IND,PHX,1/21/23,48,19,62,0.3065
TOR,BOS,1/21/23,47,8,41,0.1951
CLE,MIL,1/21/23,48,11,41,0.2683
ORL,WAS,1/21/23,46,12,50,0.24
MIL,CLE,1/21/23,46,14,47,0.2979
WAS,ORL,1/21/23,46,14,48,0.2917
ATL,CHA,1/21/23,47,7,41,0.1707
CHA,ATL,1/21/23,47,9,44,0.2045
HOU,MIN,1/21/23,46,18,50,0.36
MIN,HOU,1/21/23,48,5,47,0.1064
LAC,DAL,1/22/23,49,13,42,0.3095
DAL,LAC,1/22/23,48,13,50,0.26
NYK,TOR,1/22/23,48,16,44,0.3636
TOR,NYK,1/22/23,48,20,53,0.3774
MIA,NOP,1/22/23,48,15,49,0.3061
NOP,MIA,1/22/23,47,11,42,0.2619
GSW,BKN,1/22/23,47,14,51,0.2745
LAL,POR,1/22/23,47,15,45,0.3333
DEN,OKC,1/22/23,47,17,55,0.3091
POR,LAL,1/22/23,46,12,53,0.2264
PHX,MEM,1/22/23,48,11,51,0.2157
MEM,PHX,1/22/23,46,21,56,0.375
OKC,DEN,1/22/23,47,16,50,0.32
BKN,GSW,1/22/23,46,10,43,0.2326
POR,SAS,1/23/23,47,10,40,0.25
SAC,MEM,1/23/23,46,15,40,0.375
SAS,POR,1/23/23,47,16,47,0.3404
MEM,SAC,1/23/23,47,14,59,0.2373
ORL,BOS,1/23/23,47,12,44,0.2727
DET,MIL,1/23/23,49,12,50,0.24
MIL,DET,1/23/23,47,15,46,0.3261
BOS,ORL,1/23/23,48,12,49,0.2449
MIN,HOU,1/23/23,49,14,54,0.2593
ATL,CHI,1/23/23,48,15,49,0.3061
CHI,ATL,1/23/23,46,19,54,0.3519
HOU,MIN,1/23/23,47,19,49,0.3878
CHA,UTA,1/23/23,48,15,53,0.283
UTA,CHA,1/23/23,50,13,48,0.2708
DAL,WAS,1/24/23,49,9,45,0.2
LAL,LAC,1/24/23,48,17,58,0.2931
LAC,LAL,1/24/23,50,10,35,0.2857
PHX,CHA,1/24/23,49,17,47,0.3617
WAS,DAL,1/24/23,47,12,44,0.2727
DEN,NOP,1/24/23,48,8,42,0.1905
CHA,PHX,1/24/23,49,15,60,0.25
NOP,DEN,1/24/23,48,19,48,0.3958
NYK,CLE,1/24/23,49,11,44,0.25
BOS,MIA,1/24/23,49,8,45,0.1778
IND,CHI,1/24/23,49,21,59,0.3559
CHI,IND,1/24/23,47,16,49,0.3265
CLE,NYK,1/24/23,49,13,50,0.26
MIA,BOS,1/24/23,49,21,62,0.3387
ORL,IND,1/25/23,48,16,39,0.4103
MIN,NOP,1/25/23,50,7,45,0.1556
IND,ORL,1/25/23,50,20,48,0.4167
NOP,MIN,1/25/23,49,15,49,0.3061
ATL,OKC,1/25/23,49,12,38,0.3158
PHI,BKN,1/25/23,47,15,40,0.375
DEN,MIL,1/25/23,49,19,61,0.3115
OKC,ATL,1/25/23,48,14,52,0.2692
WAS,HOU,1/25/23,48,19,61,0.3115
BKN,PHI,1/25/23,47,7,32,0.2188
MIL,DEN,1/25/23,48,10,46,0.2174
HOU,WAS,1/25/23,48,23,58,0.3966
UTA,POR,1/25/23,51,10,45,0.2222
SAC,TOR,1/25/23,47,6,39,0.1538
MEM,GSW,1/25/23,48,15,51,0.2941
POR,UTA,1/25/23,48,9,38,0.2368
GSW,MEM,1/25/23,48,18,45,0.4
TOR,SAC,1/25/23,49,18,50,0.36
LAL,SAS,1/25/23,49,18,52,0.3462
SAS,LAL,1/25/23,48,22,68,0.3235
DAL,PHX,1/26/23,50,11,49,0.2245
PHX,DAL,1/26/23,50,16,52,0.3077
LAC,SAS,1/26/23,51,8,40,0.2
SAS,LAC,1/26/23,49,16,50,0.32
CHA,CHI,1/26/23,50,9,47,0.1915
CHI,CHA,1/26/23,48,9,55,0.1636
DET,BKN,1/26/23,50,17,48,0.3542
BKN,DET,1/26/23,48,18,52,0.3462
CLE,HOU,1/26/23,50,14,50,0.28
NYK,BOS,1/26/23,50,12,54,0.2222
BOS,NYK,1/26/23,50,20,61,0.3279
HOU,CLE,1/26/23,49,13,40,0.325
MEM,MIN,1/27/23,49,20,57,0.3509
CLE,OKC,1/27/23,51,13,52,0.25
OKC,CLE,1/27/23,49,11,38,0.2895
MIA,ORL,1/27/23,50,9,49,0.1837
IND,MIL,1/27/23,51,5,43,0.1163
ORL,MIA,1/27/23,49,5,39,0.1282
GSW,TOR,1/27/23,49,9,41,0.2195
TOR,GSW,1/27/23,50,18,60,0.3
MIN,MEM,1/27/23,51,11,45,0.2444
MIL,IND,1/27/23,49,19,53,0.3585
PHI,DEN,1/28/23,48,15,46,0.3261
DEN,PHI,1/28/23,50,9,37,0.2432
BKN,NYK,1/28/23,49,11,43,0.2558
NYK,BKN,1/28/23,51,16,45,0.3556
DET,HOU,1/28/23,51,11,48,0.2292
HOU,DET,1/28/23,50,19,51,0.3725
ATL,LAC,1/28/23,50,18,50,0.36
ORL,CHI,1/28/23,50,10,46,0.2174
CHI,ORL,1/28/23,49,5,36,0.1389
LAC,ATL,1/28/23,52,8,40,0.2
WAS,NOP,1/28/23,49,19,53,0.3585
SAS,PHX,1/28/23,50,25,64,0.3906
PHX,SAS,1/28/23,51,20,56,0.3571
SAC,MIN,1/28/23,48,12,49,0.2449
MIN,SAC,1/28/23,52,13,39,0.3333
NOP,WAS,1/28/23,50,13,55,0.2364
BOS,LAL,1/28/23,51,7,45,0.1556
POR,TOR,1/28/23,49,7,38,0.1842
TOR,POR,1/28/23,51,16,44,0.3636
LAL,BOS,1/28/23,50,18,59,0.3051
DAL,UTA,1/28/23,51,11,48,0.2292
UTA,DAL,1/28/23,52,18,44,0.4091
MIA,CHA,1/29/23,51,15,51,0.2941
CHA,MIA,1/29/23,51,13,41,0.3171
MIL,NOP,1/29/23,50,14,47,0.2979
NOP,MIL,1/29/23,51,11,56,0.1964
MEM,IND,1/29/23,50,19,47,0.4043
IND,MEM,1/29/23,52,16,44,0.3636
LAC,CLE,1/29/23,53,22,54,0.4074
CLE,LAC,1/29/23,52,6,36,0.1667
DET,DAL,1/30/23,52,13,46,0.2826
PHX,TOR,1/30/23,52,16,45,0.3556
TOR,PHX,1/30/23,52,19,51,0.3725
POR,ATL,1/30/23,50,7,38,0.1842
ATL,POR,1/30/23,51,23,53,0.434
MIN,SAC,1/30/23,53,11,54,0.2037
GSW,OKC,1/30/23,50,8,45,0.1778
SAC,MIN,1/30/23,49,13,56,0.2321
SAS,WAS,1/30/23,51,18,60,0.3
WAS,SAS,1/30/23,50,8,40,0.2
DAL,DET,1/30/23,52,12,44,0.2727
OKC,GSW,1/30/23,50,10,49,0.2041
ORL,PHI,1/30/23,51,18,59,0.3051
BKN,LAL,1/30/23,50,14,51,0.2745
PHI,ORL,1/30/23,49,10,46,0.2174
LAL,BKN,1/30/23,51,21,60,0.35
DEN,NOP,1/31/23,51,16,48,0.3333
NOP,DEN,1/31/23,52,10,45,0.2222
CHI,LAC,1/31/23,50,7,41,0.1707
NYK,LAL,1/31/23,52,15,55,0.2727
CHA,MIL,1/31/23,52,20,72,0.2778
LAC,CHI,1/31/23,54,12,60,0.2
MIL,CHA,1/31/23,51,17,63,0.2698
LAL,NYK,1/31/23,52,13,48,0.2708
CLE,MIA,1/31/23,53,9,46,0.1957
MIA,CLE,1/31/23,52,12,46,0.2609
PHI,ORL,2/1/23,50,9,45,0.2
BOS,BKN,2/1/23,52,12,40,0.3
POR,MEM,2/1/23,51,12,46,0.2609
ORL,PHI,2/1/23,52,16,57,0.2807
MEM,POR,2/1/23,51,14,50,0.28
BKN,BOS,2/1/23,51,6,54,0.1111
GSW,MIN,2/1/23,51,11,56,0.1964
SAS,SAC,2/1/23,52,9,41,0.2195
OKC,HOU,2/1/23,51,25,66,0.3788
SAC,SAS,2/1/23,50,8,44,0.1818
MIN,GSW,2/1/23,54,15,65,0.2308
HOU,OKC,2/1/23,51,27,59,0.4576
TOR,UTA,2/1/23,53,28,65,0.4308
UTA,TOR,2/1/23,53,14,42,0.3333
ATL,PHX,2/1/23,52,6,40,0.15
PHX,ATL,2/1/23,53,14,54,0.2593
MIA,NYK,2/2/23,53,13,51,0.2549
GSW,DEN,2/2/23,52,11,46,0.2391
DEN,GSW,2/2/23,52,11,43,0.2558
MIL,LAC,2/2/23,52,12,54,0.2222
LAC,MIL,2/2/23,55,11,58,0.1897
NOP,DAL,2/2/23,53,13,45,0.2889
DAL,NOP,2/2/23,53,10,51,0.1961
CHA,CHI,2/2/23,53,20,55,0.3636
MEM,CLE,2/2/23,52,14,47,0.2979
CLE,MEM,2/2/23,54,13,46,0.2826
CHI,CHA,2/2/23,51,10,42,0.2381
LAL,IND,2/2/23,53,16,56,0.2857
IND,LAL,2/2/23,53,8,48,0.1667
NYK,MIA,2/2/23,53,16,44,0.3636
ATL,UTA,2/3/23,53,15,55,0.2727
UTA,ATL,2/3/23,54,15,54,0.2778
PHI,SAS,2/3/23,51,17,45,0.3778
ORL,MIN,2/3/23,53,15,47,0.3191
MIN,ORL,2/3/23,55,16,49,0.3265
TOR,HOU,2/3/23,54,15,54,0.2778
HOU,TOR,2/3/23,52,12,45,0.2667
SAS,PHI,2/3/23,53,11,38,0.2895
DET,CHA,2/3/23,53,15,46,0.3261
CHA,DET,2/3/23,54,12,54,0.2222
POR,WAS,2/3/23,52,13,46,0.2826
IND,SAC,2/3/23,54,12,50,0.24
PHX,BOS,2/3/23,54,13,55,0.2364
SAC,IND,2/3/23,51,12,52,0.2308
WAS,POR,2/3/23,51,12,43,0.2791
BOS,PHX,2/3/23,53,6,50,0.12
WAS,BKN,2/4/23,52,14,45,0.3111
BKN,WAS,2/4/23,52,11,45,0.2444
NOP,LAL,2/4/23,54,17,48,0.3542
LAL,NOP,2/4/23,54,16,51,0.3137
LAC,NYK,2/4/23,56,14,52,0.2692
PHX,DET,2/4/23,55,13,37,0.3514
NYK,LAC,2/4/23,54,12,50,0.24
DET,PHX,2/4/23,54,12,52,0.2308
MIL,MIA,2/4/23,53,12,46,0.2609
CHI,POR,2/4/23,52,7,34,0.2059
HOU,OKC,2/4/23,53,15,48,0.3125
GSW,DAL,2/4/23,53,6,40,0.15
DAL,GSW,2/4/23,54,13,49,0.2653
OKC,HOU,2/4/23,52,15,41,0.3659
MIA,MIL,2/4/23,54,16,57,0.2807
POR,CHI,2/4/23,53,7,44,0.1591
DEN,ATL,2/4/23,53,15,49,0.3061
ATL,DEN,2/4/23,54,12,49,0.2449
CHA,ORL,2/5/23,55,9,43,0.2093
ORL,CHA,2/5/23,54,20,51,0.3922
IND,CLE,2/5/23,55,16,56,0.2857
CLE,IND,2/5/23,55,12,43,0.2791
PHI,NYK,2/5/23,52,10,48,0.2083
DEN,MIN,2/5/23,54,7,40,0.175
MEM,TOR,2/5/23,53,9,42,0.2143
NOP,SAC,2/5/23,55,15,42,0.3571
NYK,PHI,2/5/23,55,15,52,0.2885
SAC,NOP,2/5/23,52,13,50,0.26
MIN,DEN,2/5/23,56,8,43,0.186
TOR,MEM,2/5/23,55,21,59,0.3559
CLE,WAS,2/6/23,56,8,38,0.2105
WAS,CLE,2/6/23,53,9,49,0.1837
LAC,BKN,2/6/23,57,14,51,0.2745
DET,BOS,2/6/23,55,10,53,0.1887
BOS,DET,2/6/23,54,11,47,0.234
BKN,LAC,2/6/23,53,8,46,0.1739
CHI,SAS,2/6/23,53,7,40,0.175
SAC,HOU,2/6/23,53,9,39,0.2308
SAS,CHI,2/6/23,54,9,51,0.1765
HOU,SAC,2/6/23,54,17,47,0.3617
DAL,UTA,2/6/23,55,20,49,0.4082
UTA,DAL,2/6/23,55,14,47,0.2979
GSW,OKC,2/6/23,54,13,44,0.2955
OKC,GSW,2/6/23,53,10,48,0.2083
MIL,POR,2/6/23,54,10,43,0.2326
POR,MIL,2/6/23,54,8,57,0.1404
NYK,ORL,2/7/23,56,14,47,0.2979
ORL,NYK,2/7/23,55,11,45,0.2444
NOP,ATL,2/7/23,56,16,48,0.3333
ATL,NOP,2/7/23,55,15,50,0.3
BKN,PHX,2/7/23,54,9,43,0.2093
PHX,BKN,2/7/23,56,18,51,0.3529
MEM,CHI,2/7/23,54,5,45,0.1111
DEN,MIN,2/7/23,55,9,38,0.2368
CHI,MEM,2/7/23,54,21,61,0.3443
MIN,DEN,2/7/23,57,9,47,0.1915
LAL,OKC,2/7/23,55,9,41,0.2195
OKC,LAL,2/7/23,54,9,46,0.1957
IND,MIA,2/8/23,56,8,46,0.1739
PHI,BOS,2/8/23,53,10,51,0.1961
TOR,SAS,2/8/23,56,12,47,0.2553
BOS,PHI,2/8/23,55,8,38,0.2105
CHA,WAS,2/8/23,56,14,56,0.25
MIA,IND,2/8/23,55,15,43,0.3488
CLE,DET,2/8/23,57,21,47,0.4468
HOU,SAC,2/8/23,55,17,39,0.4359
WAS,CHA,2/8/23,54,15,44,0.3409
SAS,TOR,2/8/23,55,12,55,0.2182
DET,CLE,2/8/23,56,13,52,0.25
UTA,MIN,2/8/23,56,22,62,0.3548
MIN,UTA,2/8/23,58,12,42,0.2857
SAC,HOU,2/8/23,54,13,48,0.2708
DAL,LAC,2/8/23,56,8,41,0.1951
POR,GSW,2/8/23,55,13,35,0.3714
LAC,DAL,2/8/23,58,11,48,0.2292
GSW,POR,2/8/23,55,14,52,0.2692
DEN,ORL,2/9/23,56,13,48,0.2708
CHI,BKN,2/9/23,55,12,52,0.2308
ORL,DEN,2/9/23,56,18,53,0.3396
PHX,ATL,2/9/23,57,10,50,0.2
ATL,PHX,2/9/23,56,26,55,0.4727
BKN,CHI,2/9/23,55,13,54,0.2407
LAL,MIL,2/9/23,56,12,50,0.24
MIL,LAL,2/9/23,55,21,56,0.375
DET,SAS,2/10/23,57,27,67,0.403
SAS,DET,2/10/23,56,21,65,0.3231
MIA,HOU,2/10/23,56,8,45,0.1778
MIN,MEM,2/10/23,59,10,48,0.2083
MEM,MIN,2/10/23,55,10,39,0.2564
HOU,MIA,2/10/23,56,17,53,0.3208
CLE,NOP,2/10/23,58,14,39,0.359
MIL,LAC,2/10/23,56,12,46,0.2609
POR,OKC,2/10/23,56,13,35,0.3714
PHX,IND,2/10/23,58,23,51,0.451
SAC,DAL,2/10/23,55,6,36,0.1667
LAC,MIL,2/10/23,59,3,43,0.0698
NOP,CLE,2/10/23,57,17,47,0.3617
DAL,SAC,2/10/23,57,12,45,0.2667
OKC,POR,2/10/23,55,13,37,0.3514
BOS,CHA,2/10/23,56,7,47,0.1489
IND,PHX,2/10/23,57,14,53,0.2642
NYK,PHI,2/10/23,57,6,41,0.1463
PHI,NYK,2/10/23,54,10,42,0.2381
CHA,BOS,2/10/23,57,13,52,0.25
UTA,TOR,2/10/23,57,14,46,0.3043
TOR,UTA,2/10/23,57,15,53,0.283
SAC,DAL,2/11/23,56,12,50,0.24
DAL,SAC,2/11/23,58,8,48,0.1667
CLE,CHI,2/11/23,59,13,52,0.25
GSW,LAL,2/11/23,56,13,57,0.2281
CHI,CLE,2/11/23,56,10,40,0.25
BKN,PHI,2/11/23,56,19,57,0.3333
LAL,GSW,2/11/23,57,12,50,0.24
PHI,BKN,2/11/23,55,11,43,0.2558
WAS,IND,2/11/23,55,11,28,0.3929
MIA,ORL,2/11/23,57,17,50,0.34
ORL,MIA,2/11/23,57,15,52,0.2885
NYK,UTA,2/11/23,58,23,56,0.4107
UTA,NYK,2/11/23,58,13,47,0.2766
IND,WAS,2/11/23,58,22,55,0.4
CHA,DEN,2/11/23,58,9,50,0.18
SAS,ATL,2/11/23,57,18,55,0.3273
DEN,CHA,2/11/23,57,17,51,0.3333
ATL,SAS,2/11/23,57,18,56,0.3214
BOS,MEM,2/12/23,57,17,52,0.3269
TOR,DET,2/12/23,58,17,46,0.3696
MEM,BOS,2/12/23,56,6,46,0.1304
DET,TOR,2/12/23,58,14,42,0.3333
CHA,ATL,2/13/23,59,6,33,0.1818
BKN,NYK,2/13/23,57,14,48,0.2917
UTA,IND,2/13/23,59,16,44,0.3636
MIA,DEN,2/13/23,58,18,51,0.3529
ORL,CHI,2/13/23,58,9,45,0.2
SAS,CLE,2/13/23,58,18,43,0.4186
NOP,OKC,2/13/23,58,7,36,0.1944
PHI,HOU,2/13/23,56,8,37,0.2162
CLE,SAS,2/13/23,60,11,36,0.3056
MIN,DAL,2/13/23,60,12,39,0.3077
ATL,CHA,2/13/23,58,20,55,0.3636
HOU,PHI,2/13/23,57,19,53,0.3585
CHI,ORL,2/13/23,57,13,51,0.2549
NYK,BKN,2/13/23,59,10,40,0.25
IND,UTA,2/13/23,59,9,49,0.1837
DAL,MIN,2/13/23,59,14,46,0.3043
DEN,MIA,2/13/23,58,8,34,0.2353
OKC,NOP,2/13/23,56,22,52,0.4231
LAL,POR,2/13/23,58,18,55,0.3273
GSW,WAS,2/13/23,57,15,40,0.375
WAS,GSW,2/13/23,56,10,34,0.2941
POR,LAL,2/13/23,57,9,52,0.1731
MIL,BOS,2/14/23,57,13,50,0.26
BOS,MIL,2/14/23,58,9,55,0.1636
ORL,TOR,2/14/23,59,14,43,0.3256
TOR,ORL,2/14/23,59,14,36,0.3889
PHX,SAC,2/14/23,59,11,40,0.275
SAC,PHX,2/14/23,57,15,48,0.3125
WAS,POR,2/14/23,57,8,34,0.2353
LAC,GSW,2/14/23,60,16,44,0.3636
GSW,LAC,2/14/23,58,12,43,0.2791
POR,WAS,2/14/23,58,13,55,0.2364
CLE,PHI,2/15/23,61,10,43,0.2326
IND,CHI,2/15/23,60,10,43,0.2326
CHI,IND,2/15/23,58,8,45,0.1778
PHI,CLE,2/15/23,57,11,39,0.2821
BOS,DET,2/15/23,59,12,44,0.2727
DET,BOS,2/15/23,59,8,44,0.1818
MEM,UTA,2/15/23,57,21,68,0.3088
NYK,ATL,2/15/23,60,15,52,0.2885
CHA,SAS,2/15/23,60,18,58,0.3103
MIA,BKN,2/15/23,59,16,49,0.3265
BKN,MIA,2/15/23,58,7,37,0.1892
ATL,NYK,2/15/23,59,10,59,0.1695
SAS,CHA,2/15/23,59,26,69,0.3768
OKC,HOU,2/15/23,57,13,49,0.2653
UTA,MEM,2/15/23,60,21,51,0.4118
HOU,OKC,2/15/23,58,19,60,0.3167
NOP,LAL,2/15/23,59,16,55,0.2909
DAL,DEN,2/15/23,60,7,46,0.1522
LAL,NOP,2/15/23,59,8,47,0.1702
DEN,DAL,2/15/23,59,7,37,0.1892
PHX,LAC,2/16/23,60,12,49,0.2449
MIL,CHI,2/16/23,58,11,49,0.2245
CHI,MIL,2/16/23,59,19,62,0.3065
WAS,MIN,2/16/23,58,16,54,0.2963
MIN,WAS,2/16/23,61,20,57,0.3509
LAC,PHX,2/16/23,61,11,43,0.2558
DET,ORL,2/23/23,60,11,47,0.234
MEM,PHI,2/23/23,58,17,56,0.3036
CLE,DEN,2/23/23,62,16,48,0.3333
ORL,DET,2/23/23,60,18,59,0.3051
BOS,IND,2/23/23,60,22,51,0.4314
IND,BOS,2/23/23,61,14,46,0.3043
NOP,TOR,2/23/23,60,9,48,0.1875
TOR,NOP,2/23/23,60,13,51,0.2549
DEN,CLE,2/23/23,60,19,48,0.3958
DAL,SAS,2/23/23,61,5,41,0.122
SAS,DAL,2/23/23,60,12,47,0.2553
PHI,MEM,2/23/23,58,14,52,0.2692
OKC,UTA,2/23/23,58,25,70,0.3571
UTA,OKC,2/23/23,61,25,60,0.4167
POR,SAC,2/23/23,59,13,51,0.2549
SAC,POR,2/23/23,58,14,41,0.3415
GSW,LAL,2/23/23,59,20,68,0.2941
LAL,GSW,2/23/23,60,16,49,0.3265
WAS,NYK,2/24/23,59,9,40,0.225
NYK,WAS,2/24/23,61,16,49,0.3265
MIA,MIL,2/24/23,60,10,58,0.1724
MIL,MIA,2/24/23,59,14,52,0.2692
CLE,ATL,2/24/23,63,10,48,0.2083
ATL,CLE,2/24/23,60,8,36,0.2222
BKN,CHI,2/24/23,59,8,53,0.1509
CHI,BKN,2/24/23,60,13,44,0.2955
MIN,CHA,2/24/23,62,10,52,0.1923
CHA,MIN,2/24/23,61,12,51,0.2353
LAC,SAC,2/24/23,62,10,42,0.2381
SAC,LAC,2/24/23,59,14,50,0.28
HOU,GSW,2/24/23,59,15,59,0.2542
OKC,PHX,2/24/23,59,17,57,0.2982
PHX,OKC,2/24/23,61,15,51,0.2941
GSW,HOU,2/24/23,60,9,42,0.2143
TOR,DET,2/25/23,61,15,63,0.2381
DET,TOR,2/25/23,61,20,59,0.339
NYK,NOP,2/25/23,62,14,44,0.3182
IND,ORL,2/25/23,62,14,55,0.2545
ORL,IND,2/25/23,61,21,57,0.3684
CHA,MIA,2/25/23,62,12,51,0.2353
MIA,CHA,2/25/23,61,11,50,0.22
NOP,NYK,2/25/23,61,16,65,0.2462
MEM,DEN,2/25/23,59,14,51,0.2745
DEN,MEM,2/25/23,61,12,55,0.2182
BOS,PHI,2/25/23,61,10,45,0.2222
PHI,BOS,2/25/23,59,11,47,0.234
UTA,SAS,2/25/23,62,17,52,0.3269
SAS,UTA,2/25/23,61,16,60,0.2667
MIL,PHX,2/26/23,60,16,54,0.2963
PHX,MIL,2/26/23,62,23,60,0.3833
DAL,LAL,2/26/23,62,16,57,0.2807
LAL,DAL,2/26/23,61,20,58,0.3448
ATL,BKN,2/26/23,61,16,48,0.3333
BKN,ATL,2/26/23,60,9,44,0.2045
WAS,CHI,2/26/23,60,17,51,0.3333
CHI,WAS,2/26/23,61,10,41,0.2439
TOR,CLE,2/26/23,62,16,59,0.2712
CLE,TOR,2/26/23,64,8,41,0.1951
OKC,SAC,2/26/23,60,12,48,0.25
SAC,OKC,2/26/23,60,15,44,0.3409
MIN,GSW,2/26/23,63,15,57,0.2632
DEN,LAC,2/26/23,62,17,51,0.3333
GSW,MIN,2/26/23,61,19,55,0.3455
LAC,DEN,2/26/23,63,7,51,0.1373
HOU,POR,2/26/23,60,26,60,0.4333
POR,HOU,2/26/23,60,7,38,0.1842
BOS,NYK,2/27/23,62,9,48,0.1875
NOP,ORL,2/27/23,62,11,44,0.25
ORL,NOP,2/27/23,62,15,47,0.3191
NYK,BOS,2/27/23,63,14,44,0.3182
PHI,MIA,2/27/23,60,18,44,0.4091
DET,CHA,2/27/23,62,15,54,0.2778
MIA,PHI,2/27/23,62,15,48,0.3125
CHA,DET,2/27/23,63,12,43,0.2791
WAS,ATL,2/28/23,61,20,50,0.4
BKN,MIL,2/28/23,61,5,50,0.1
CHI,TOR,2/28/23,62,7,36,0.1944
MIL,BKN,2/28/23,61,18,58,0.3103
MEM,LAL,2/28/23,60,19,62,0.3065
TOR,CHI,2/28/23,63,23,59,0.3898
ATL,WAS,2/28/23,62,17,51,0.3333
LAL,MEM,2/28/23,62,16,51,0.3137
IND,DAL,2/28/23,63,6,40,0.15
HOU,DEN,2/28/23,61,15,51,0.2941
UTA,SAS,2/28/23,63,21,60,0.35
SAS,UTA,2/28/23,62,16,56,0.2857
DEN,HOU,2/28/23,63,11,42,0.2619
DAL,IND,2/28/23,63,14,51,0.2745
POR,GSW,2/28/23,61,13,51,0.2549
LAC,MIN,2/28/23,64,14,50,0.28
GSW,POR,2/28/23,62,18,44,0.4091
MIN,LAC,2/28/23,64,15,52,0.2885
OKC,SAC,2/28/23,61,14,58,0.2414
SAC,OKC,2/28/23,61,13,44,0.2955
DET,CHI,3/1/23,63,9,40,0.225
CLE,BOS,3/1/23,65,16,52,0.3077
CHI,DET,3/1/23,63,14,48,0.2917
PHX,CHA,3/1/23,63,8,48,0.1667
NYK,BKN,3/1/23,64,11,38,0.2895
PHI,MIA,3/1/23,61,11,42,0.2619
CHA,PHX,3/1/23,64,16,61,0.2623
MIA,PHI,3/1/23,63,10,45,0.2222
BKN,NYK,3/1/23,62,8,48,0.1667
BOS,CLE,3/1/23,63,11,40,0.275
MIL,ORL,3/1/23,62,8,47,0.1702
NOP,POR,3/1/23,63,15,44,0.3409
LAL,OKC,3/1/23,63,14,47,0.2979
POR,NOP,3/1/23,62,14,46,0.3043
MEM,HOU,3/1/23,61,8,43,0.186
OKC,LAL,3/1/23,62,17,51,0.3333
ORL,MIL,3/1/23,63,15,54,0.2778
HOU,MEM,3/1/23,62,23,59,0.3898
WAS,TOR,3/2/23,62,10,45,0.2222
TOR,WAS,3/2/23,64,15,51,0.2941
DAL,PHI,3/2/23,64,9,44,0.2045
PHI,DAL,3/2/23,62,6,35,0.1714
SAS,IND,3/2/23,63,19,54,0.3519
IND,SAS,3/2/23,64,9,50,0.18
LAC,GSW,3/2/23,65,12,58,0.2069
GSW,LAC,3/2/23,63,16,56,0.2857
ORL,CHA,3/3/23,64,15,42,0.3571
CHA,ORL,3/3/23,65,12,42,0.2857
POR,ATL,3/3/23,63,13,47,0.2766
ATL,POR,3/3/23,63,15,41,0.3659
BOS,BKN,3/3/23,64,10,47,0.2128
BKN,BOS,3/3/23,63,17,58,0.2931
LAC,SAC,3/3/23,66,9,45,0.2
PHX,CHI,3/3/23,64,17,44,0.3864
DEN,MEM,3/3/23,64,16,50,0.32
NOP,GSW,3/3/23,64,9,45,0.2
OKC,UTA,3/3/23,63,15,54,0.2778
SAC,LAC,3/3/23,62,11,41,0.2683
UTA,OKC,3/3/23,64,13,43,0.3023
CHI,PHX,3/3/23,64,13,45,0.2889
NYK,MIA,3/3/23,65,7,37,0.1892
GSW,NOP,3/3/23,64,12,38,0.3158
MIN,LAL,3/3/23,65,14,49,0.2857
MEM,DEN,3/3/23,62,13,57,0.2281
MIA,NYK,3/3/23,64,15,43,0.3488
LAL,MIN,3/3/23,64,14,53,0.2642
WAS,TOR,3/4/23,63,13,39,0.3333
TOR,WAS,3/4/23,65,11,46,0.2391
MIL,PHI,3/4/23,63,13,41,0.3171
PHI,MIL,3/4/23,63,12,44,0.2727
SAC,MIN,3/4/23,63,11,45,0.2444
MIN,SAC,3/4/23,66,10,38,0.2632
CLE,DET,3/4/23,66,11,49,0.2245
DET,CLE,3/4/23,64,17,52,0.3269
MIA,ATL,3/4/23,65,14,43,0.3256
SAS,HOU,3/4/23,64,15,49,0.3061
HOU,SAS,3/4/23,63,15,44,0.3409
ATL,MIA,3/4/23,64,11,44,0.25
PHX,DAL,3/5/23,65,13,41,0.3171
DAL,PHX,3/5/23,65,7,41,0.1707
CHI,IND,3/5/23,65,8,31,0.2581
IND,CHI,3/5/23,65,15,47,0.3191
GSW,LAL,3/5/23,65,14,57,0.2456
LAL,GSW,3/5/23,65,17,55,0.3091
HOU,SAS,3/5/23,64,10,34,0.2941
OKC,UTA,3/5/23,64,14,43,0.3256
BOS,NYK,3/5/23,65,23,68,0.3382
UTA,OKC,3/5/23,65,15,46,0.3261
NYK,BOS,3/5/23,66,15,54,0.2778
SAS,HOU,3/5/23,65,13,53,0.2453
MIL,WAS,3/5/23,64,7,46,0.1522
WAS,MIL,3/5/23,64,21,62,0.3387
MEM,LAC,3/5/23,63,3,45,0.0667
LAC,MEM,3/5/23,67,18,42,0.4286
CHA,BKN,3/5/23,66,6,56,0.1071
BKN,CHA,3/5/23,64,10,57,0.1754
POR,ORL,3/5/23,64,14,46,0.3043
ORL,POR,3/5/23,65,8,48,0.1667
ATL,MIA,3/6/23,65,17,45,0.3778
MIA,ATL,3/6/23,66,10,37,0.2703
BOS,CLE,3/6/23,66,17,61,0.2787
PHI,IND,3/6/23,64,8,35,0.2286
CLE,BOS,3/6/23,67,16,55,0.2909
DET,POR,3/6/23,65,16,49,0.3265
POR,DET,3/6/23,65,6,44,0.1364
IND,PHI,3/6/23,66,9,42,0.2143
SAC,NOP,3/6/23,64,6,39,0.1538
DEN,TOR,3/6/23,65,14,44,0.3182
NOP,SAC,3/6/23,65,7,38,0.1842
TOR,DEN,3/6/23,66,14,45,0.3111
MEM,LAL,3/7/23,64,7,60,0.1167
ORL,MIL,3/7/23,66,16,52,0.3077
HOU,BKN,3/7/23,65,16,49,0.3265
MIN,PHI,3/7/23,67,9,56,0.1607
GSW,OKC,3/7/23,66,11,44,0.25
UTA,DAL,3/7/23,66,11,55,0.2
OKC,GSW,3/7/23,65,17,44,0.3864
WAS,DET,3/7/23,65,13,35,0.3714
DAL,UTA,3/7/23,66,7,51,0.1373
PHI,MIN,3/7/23,65,12,41,0.2927
BKN,HOU,3/7/23,65,7,43,0.1628
CHA,NYK,3/7/23,67,14,46,0.3043
MIL,ORL,3/7/23,65,3,33,0.0909
NYK,CHA,3/7/23,67,13,55,0.2364
DET,WAS,3/7/23,66,15,44,0.3409
LAL,MEM,3/7/23,66,13,53,0.2453
MIA,CLE,3/8/23,67,13,38,0.3421
CLE,MIA,3/8/23,68,11,42,0.2619
NOP,DAL,3/8/23,66,10,42,0.2381
WAS,ATL,3/8/23,66,9,37,0.2432
BOS,POR,3/8/23,67,6,49,0.1224
DAL,NOP,3/8/23,67,9,53,0.1698
POR,BOS,3/8/23,66,9,54,0.1667
ATL,WAS,3/8/23,66,9,43,0.2093
CHI,DEN,3/8/23,66,10,43,0.2326
DEN,CHI,3/8/23,66,12,54,0.2222
LAC,TOR,3/8/23,68,9,36,0.25
TOR,LAC,3/8/23,67,20,60,0.3333
PHX,OKC,3/8/23,66,16,47,0.3404
OKC,PHX,3/8/23,66,14,56,0.25
IND,HOU,3/9/23,67,11,53,0.2075
GSW,MEM,3/9/23,67,11,47,0.234
HOU,IND,3/9/23,66,28,64,0.4375
MEM,GSW,3/9/23,65,13,44,0.2955
ORL,UTA,3/9/23,67,19,53,0.3585
UTA,ORL,3/9/23,67,14,40,0.35
DET,CHA,3/9/23,67,18,51,0.3529
CHA,DET,3/9/23,68,15,49,0.3061
SAC,NYK,3/9/23,65,7,45,0.1556
NYK,SAC,3/9/23,68,26,66,0.3939
MIL,BKN,3/9/23,66,23,60,0.3833
BKN,MIL,3/9/23,66,21,63,0.3333
POR,PHI,3/10/23,67,9,41,0.2195
WAS,ATL,3/10/23,67,11,46,0.2391
PHI,POR,3/10/23,66,12,43,0.2791
ATL,WAS,3/10/23,67,16,54,0.2963
MIA,CLE,3/10/23,68,14,41,0.3415
DEN,SAS,3/10/23,67,8,46,0.1739
MIN,BKN,3/10/23,68,17,57,0.2982
CLE,MIA,3/10/23,69,11,49,0.2245
SAS,DEN,3/10/23,66,15,45,0.3333
BKN,MIN,3/10/23,67,14,51,0.2745
TOR,LAL,3/10/23,68,12,46,0.2609
LAL,TOR,3/10/23,67,8,35,0.2286
LAC,NYK,3/11/23,69,11,47,0.234
NYK,LAC,3/11/23,69,22,60,0.3667
UTA,CHA,3/11/23,68,26,59,0.4407
CHA,UTA,3/11/23,69,15,59,0.2542
IND,DET,3/11/23,68,19,54,0.3519
BOS,ATL,3/11/23,68,9,44,0.2045
DET,IND,3/11/23,68,15,56,0.2679
MIA,ORL,3/11/23,69,13,53,0.2453
ATL,BOS,3/11/23,68,14,51,0.2745
ORL,MIA,3/11/23,68,18,53,0.3396
MEM,DAL,3/11/23,66,12,47,0.2553
DAL,MEM,3/11/23,68,13,49,0.2653
HOU,CHI,3/11/23,67,12,47,0.2553
CHI,HOU,3/11/23,67,14,43,0.3256
OKC,NOP,3/11/23,67,9,44,0.2045
NOP,OKC,3/11/23,67,12,49,0.2449
GSW,MIL,3/11/23,68,21,67,0.3134
MIL,GSW,3/11/23,67,9,58,0.1552
PHX,SAC,3/11/23,67,9,46,0.1957
SAC,PHX,3/11/23,66,13,46,0.2826
DEN,BKN,3/12/23,68,23,48,0.4792
BKN,DEN,3/12/23,68,8,43,0.186
CLE,CHA,3/12/23,70,13,49,0.2653
CHA,CLE,3/12/23,70,11,42,0.2619
SAS,OKC,3/12/23,67,14,58,0.2414
OKC,SAS,3/12/23,68,15,60,0.25
PHI,WAS,3/12/23,67,11,40,0.275
NOP,POR,3/12/23,68,10,47,0.2128
WAS,PHI,3/12/23,68,13,52,0.25
POR,NOP,3/12/23,68,12,49,0.2449
LAL,NYK,3/12/23,68,14,49,0.2857
NYK,LAL,3/12/23,70,15,47,0.3191
UTA,MIA,3/13/23,69,18,49,0.3673
IND,DET,3/13/23,69,16,53,0.3019
DET,IND,3/13/23,69,23,53,0.434
MIA,UTA,3/13/23,70,10,44,0.2273
MEM,DAL,3/13/23,67,11,46,0.2391
DAL,MEM,3/13/23,69,11,56,0.1964
MIN,ATL,3/13/23,69,7,41,0.1707
ATL,MIN,3/13/23,69,20,54,0.3704
HOU,BOS,3/13/23,68,18,53,0.3396
BOS,HOU,3/13/23,69,14,49,0.2857
PHX,GSW,3/13/23,68,20,52,0.3846
SAC,MIL,3/13/23,67,19,59,0.322
MIL,SAC,3/13/23,68,7,39,0.1795
GSW,PHX,3/13/23,69,11,44,0.25
DEN,TOR,3/14/23,69,7,37,0.1892
TOR,DEN,3/14/23,69,17,46,0.3696
OKC,BKN,3/14/23,69,18,56,0.3214
DET,WAS,3/14/23,70,22,62,0.3548
WAS,DET,3/14/23,69,15,41,0.3659
CHA,CLE,3/14/23,71,10,33,0.303
CLE,CHA,3/14/23,71,9,45,0.2
SAS,ORL,3/14/23,68,9,39,0.2308
NOP,LAL,3/14/23,69,21,60,0.35
BKN,OKC,3/14/23,69,13,50,0.26
LAL,NOP,3/14/23,69,16,43,0.3721
NYK,POR,3/14/23,71,11,42,0.2619
ORL,SAS,3/14/23,69,16,57,0.2807
PHX,MIL,3/14/23,69,14,55,0.2545
POR,NYK,3/14/23,69,19,64,0.2969
MIL,PHX,3/14/23,69,14,50,0.28
SAS,DAL,3/15/23,69,20,63,0.3175
DAL,SAS,3/15/23,70,13,45,0.2889
GSW,LAC,3/15/23,70,10,42,0.2381
LAC,GSW,3/15/23,70,19,50,0.38
HOU,LAL,3/15/23,69,17,45,0.3778
PHI,CLE,3/15/23,68,16,37,0.4324
MIN,BOS,3/15/23,70,13,51,0.2549
CLE,PHI,3/15/23,72,15,49,0.3061
CHI,SAC,3/15/23,68,20,62,0.3226
BOS,MIN,3/15/23,70,12,52,0.2308
SAC,CHI,3/15/23,68,9,46,0.1957
LAL,HOU,3/15/23,70,16,56,0.2857
MEM,MIA,3/15/23,68,13,49,0.2653
MIA,MEM,3/15/23,71,8,35,0.2286
DET,DEN,3/16/23,71,16,50,0.32
OKC,TOR,3/16/23,70,16,56,0.2857
IND,MIL,3/16/23,70,10,46,0.2174
TOR,OKC,3/16/23,70,23,54,0.4259
SAC,BKN,3/16/23,69,17,56,0.3036
DEN,DET,3/16/23,70,17,45,0.3778
BKN,SAC,3/16/23,70,4,52,0.0769
MIL,IND,3/16/23,70,11,46,0.2391
ORL,PHX,3/16/23,70,13,44,0.2955
PHX,ORL,3/16/23,70,9,47,0.1915
PHI,CHA,3/17/23,69,17,48,0.3542
ATL,GSW,3/17/23,70,17,57,0.2982
CLE,WAS,3/17/23,73,10,43,0.2326
CHA,PHI,3/17/23,72,13,62,0.2097
GSW,ATL,3/17/23,71,19,54,0.3519
WAS,CLE,3/17/23,70,9,43,0.2093
NOP,HOU,3/17/23,70,9,46,0.1957
HOU,NOP,3/17/23,70,18,48,0.375
SAS,MEM,3/17/23,70,22,61,0.3607
MEM,SAS,3/17/23,69,17,57,0.2982
CHI,MIN,3/17/23,69,8,45,0.1778
MIN,CHI,3/17/23,71,17,61,0.2787
DAL,LAL,3/17/23,71,10,41,0.2439
BOS,POR,3/17/23,71,20,49,0.4082
LAL,DAL,3/17/23,71,19,48,0.3958
POR,BOS,3/17/23,70,10,45,0.2222
NYK,DEN,3/18/23,72,15,44,0.3409
DEN,NYK,3/18/23,71,11,42,0.2619
LAC,ORL,3/18/23,71,15,51,0.2941
ORL,LAC,3/18/23,71,14,45,0.3111
GSW,MEM,3/18/23,72,24,54,0.4444
SAC,WAS,3/18/23,70,7,42,0.1667
MEM,GSW,3/18/23,70,15,44,0.3409
MIA,CHI,3/18/23,72,19,49,0.3878
CHI,MIA,3/18/23,70,8,35,0.2286
WAS,SAC,3/18/23,71,14,53,0.2642
BOS,UTA,3/18/23,72,7,47,0.1489
UTA,BOS,3/18/23,70,19,57,0.3333
IND,PHI,3/18/23,71,16,43,0.3721
PHI,IND,3/18/23,70,7,37,0.1892
TOR,MIN,3/18/23,71,10,45,0.2222
MIN,TOR,3/18/23,72,11,48,0.2292
BKN,DEN,3/19/23,71,10,45,0.2222
DEN,BKN,3/19/23,72,13,39,0.3333
DET,MIA,3/19/23,72,11,47,0.234
MIA,DET,3/19/23,73,11,43,0.2558
NOP,HOU,3/19/23,71,14,43,0.3256
HOU,NOP,3/19/23,71,16,46,0.3478
PHX,OKC,3/19/23,71,10,50,0.2
OKC,PHX,3/19/23,71,12,46,0.2609
SAS,ATL,3/19/23,71,15,46,0.3261
ATL,SAS,3/19/23,71,21,54,0.3889
LAL,ORL,3/19/23,72,10,45,0.2222
LAC,POR,3/19/23,72,21,53,0.3962
POR,LAC,3/19/23,71,13,46,0.2826
ORL,LAL,3/19/23,72,18,63,0.2857
TOR,MIL,3/19/23,72,16,56,0.2857
MIL,TOR,3/19/23,71,8,40,0.2
IND,CHA,3/20/23,72,19,48,0.3958
CHI,PHI,3/20/23,71,11,58,0.1897
CHA,IND,3/20/23,73,15,53,0.283
PHI,CHI,3/20/23,71,13,53,0.2453
MIN,NYK,3/20/23,73,9,36,0.25
NYK,MIN,3/20/23,73,11,39,0.2821
HOU,GSW,3/20/23,72,22,55,0.4
DAL,MEM,3/20/23,72,12,45,0.2667
MEM,DAL,3/20/23,71,19,53,0.3585
GSW,HOU,3/20/23,73,17,47,0.3617
UTA,SAC,3/20/23,71,7,44,0.1591
SAC,UTA,3/20/23,71,14,61,0.2295
WAS,ORL,3/21/23,72,8,45,0.1778
ORL,WAS,3/21/23,73,8,37,0.2162
ATL,DET,3/21/23,72,26,56,0.4643
BKN,CLE,3/21/23,72,26,53,0.4906
CLE,BKN,3/21/23,74,11,41,0.2683
DET,ATL,3/21/23,73,12,56,0.2143
OKC,LAC,3/21/23,72,17,54,0.3148
BOS,SAC,3/21/23,73,14,47,0.2979
SAC,BOS,3/21/23,72,12,45,0.2667
LAC,OKC,3/21/23,73,16,52,0.3077
SAS,NOP,3/21/23,72,13,61,0.2131
NOP,SAS,3/21/23,72,9,38,0.2368
DEN,WAS,3/22/23,73,12,41,0.2927
WAS,DEN,3/22/23,73,13,44,0.2955
PHX,LAL,3/22/23,72,15,50,0.3
LAL,PHX,3/22/23,73,7,35,0.2
MIA,NYK,3/22/23,74,3,36,0.0833
NYK,MIA,3/22/23,74,13,42,0.3095
IND,TOR,3/22/23,73,10,37,0.2703
TOR,IND,3/22/23,73,18,54,0.3333
DAL,GSW,3/22/23,73,14,51,0.2745
CHI,PHI,3/22/23,72,18,51,0.3529
GSW,DAL,3/22/23,74,12,41,0.2927
MIN,ATL,3/22/23,74,15,49,0.3061
ATL,MIN,3/22/23,73,11,42,0.2619
MIL,SAS,3/22/23,72,14,54,0.2593
SAS,MIL,3/22/23,73,11,62,0.1774
MEM,HOU,3/22/23,72,15,44,0.3409
PHI,CHI,3/22/23,72,16,44,0.3636
HOU,MEM,3/22/23,73,22,48,0.4583
POR,UTA,3/22/23,72,9,50,0.18
UTA,POR,3/22/23,72,8,48,0.1667
NYK,ORL,3/23/23,75,15,52,0.2885
ORL,NYK,3/23/23,74,13,50,0.26
CLE,BKN,3/23/23,75,16,50,0.32
BKN,CLE,3/23/23,73,15,44,0.3409
NOP,CHA,3/23/23,73,15,53,0.283
CHA,NOP,3/23/23,74,5,47,0.1064
LAC,OKC,3/23/23,74,12,39,0.3077
OKC,LAC,3/23/23,73,18,53,0.3396
DET,TOR,3/24/23,74,11,42,0.2619
IND,BOS,3/24/23,74,8,49,0.1633
TOR,DET,3/24/23,74,22,53,0.4151
BOS,IND,3/24/23,74,12,52,0.2308
MEM,HOU,3/24/23,73,9,38,0.2368
HOU,MEM,3/24/23,74,11,44,0.25
DAL,CHA,3/24/23,74,7,45,0.1556
CHA,DAL,3/24/23,75,10,50,0.2
CHI,POR,3/24/23,73,12,37,0.3243
POR,CHI,3/24/23,73,12,50,0.24
GSW,PHI,3/24/23,75,11,49,0.2245
PHI,GSW,3/24/23,73,4,43,0.093
SAS,WAS,3/24/23,74,15,53,0.283
WAS,SAS,3/24/23,74,7,39,0.1795
SAC,PHX,3/24/23,73,10,43,0.2326
OKC,LAL,3/24/23,74,14,52,0.2692
LAL,OKC,3/24/23,74,18,52,0.3462
PHX,SAC,3/24/23,73,17,46,0.3696
MIL,UTA,3/24/23,73,13,47,0.2766
UTA,MIL,3/24/23,73,23,69,0.3333
IND,ATL,3/25/23,75,16,44,0.3636
ATL,IND,3/25/23,74,21,43,0.4884
MIL,DEN,3/25/23,74,6,50,0.12
DEN,MIL,3/25/23,74,9,46,0.1957
MIA,BKN,3/25/23,75,14,43,0.3256
BKN,MIA,3/25/23,74,20,46,0.4348
SAC,UTA,3/25/23,74,16,52,0.3077
UTA,SAC,3/25/23,74,15,47,0.3191
PHI,PHX,3/25/23,74,12,46,0.2609
LAC,NOP,3/25/23,75,4,39,0.1026
PHX,PHI,3/25/23,74,17,47,0.3617
NOP,LAC,3/25/23,74,16,45,0.3556
CHA,DAL,3/26/23,76,15,50,0.3
DAL,CHA,3/26/23,75,7,52,0.1346
CHI,LAL,3/26/23,74,11,42,0.2619
LAL,CHI,3/26/23,75,9,43,0.2093
SAS,BOS,3/26/23,75,7,65,0.1077
TOR,WAS,3/26/23,75,20,54,0.3704
CLE,HOU,3/26/23,76,16,45,0.3556
BKN,ORL,3/26/23,75,18,56,0.3214
MEM,ATL,3/26/23,74,8,44,0.1818
WAS,TOR,3/26/23,75,15,52,0.2885
HOU,CLE,3/26/23,75,16,46,0.3478
ORL,BKN,3/26/23,75,12,43,0.2791
BOS,SAS,3/26/23,75,9,45,0.2
ATL,MEM,3/26/23,75,19,54,0.3519
OKC,POR,3/26/23,75,17,54,0.3148
POR,OKC,3/26/23,74,12,44,0.2727
MIN,GSW,3/26/23,75,13,50,0.26
GSW,MIN,3/26/23,76,8,49,0.1633
DET,MIL,3/27/23,75,19,54,0.3519
DAL,IND,3/27/23,76,7,37,0.1892
NYK,HOU,3/27/23,76,8,40,0.2
IND,DAL,3/27/23,76,22,56,0.3929
HOU,NYK,3/27/23,76,14,49,0.2857
DEN,PHI,3/27/23,75,12,42,0.2857
MIL,DET,3/27/23,75,18,53,0.3396
PHI,DEN,3/27/23,75,13,48,0.2708
MIN,SAC,3/27/23,76,15,45,0.3333
CHI,LAC,3/27/23,75,10,41,0.2439
LAC,CHI,3/27/23,76,10,38,0.2632
NOP,POR,3/27/23,75,12,37,0.3243
POR,NOP,3/27/23,75,11,56,0.1964
SAC,MIN,3/27/23,75,17,48,0.3542
UTA,PHX,3/27/23,75,17,51,0.3333
PHX,UTA,3/27/23,75,21,59,0.3559
WAS,BOS,3/28/23,76,15,47,0.3191
BOS,WAS,3/28/23,76,11,48,0.2292
MEM,ORL,3/28/23,75,12,51,0.2353
CLE,ATL,3/28/23,77,13,50,0.26
ORL,MEM,3/28/23,76,16,60,0.2667
CHA,OKC,3/28/23,77,15,48,0.3125
ATL,CLE,3/28/23,76,19,51,0.3725
TOR,MIA,3/28/23,76,16,49,0.3265
MIA,TOR,3/28/23,76,15,48,0.3125
OKC,CHA,3/28/23,76,11,49,0.2245
GSW,NOP,3/28/23,77,12,43,0.2791
NOP,GSW,3/28/23,76,15,48,0.3125
HOU,BKN,3/29/23,77,22,56,0.3929
MIA,NYK,3/29/23,77,8,46,0.1739
IND,MIL,3/29/23,77,10,51,0.1961
MIL,IND,3/29/23,76,16,38,0.4211
NYK,MIA,3/29/23,77,11,43,0.2558
SAC,POR,3/29/23,76,13,52,0.25
POR,SAC,3/29/23,76,11,64,0.1719
MIN,PHX,3/29/23,77,19,53,0.3585
PHX,MIN,3/29/23,76,18,59,0.3051
BKN,HOU,3/29/23,76,9,43,0.2093
PHI,DAL,3/29/23,76,14,46,0.3043
SAS,UTA,3/29/23,76,14,52,0.2692
MEM,LAC,3/29/23,76,17,49,0.3469
DAL,PHI,3/29/23,77,12,46,0.2609
UTA,SAS,3/29/23,76,9,42,0.2143
LAL,CHI,3/29/23,76,17,43,0.3953
CHI,LAL,3/29/23,76,9,44,0.2045
OKC,DET,3/29/23,77,14,49,0.2857
DET,OKC,3/29/23,76,12,42,0.2857
LAC,MEM,3/29/23,77,3,36,0.0833
BOS,MIL,3/30/23,77,10,42,0.2381
MIL,BOS,3/30/23,77,22,65,0.3385
DEN,NOP,3/30/23,76,15,54,0.2778
NOP,DEN,3/30/23,77,11,44,0.25
NYK,CLE,3/31/23,78,19,50,0.38
CLE,NYK,3/31/23,78,8,43,0.186
CHA,CHI,3/31/23,78,9,44,0.2045
OKC,IND,3/31/23,78,13,49,0.2653
TOR,PHI,3/31/23,77,18,46,0.3913
WAS,ORL,3/31/23,77,21,65,0.3231
IND,OKC,3/31/23,78,24,58,0.4138
ORL,WAS,3/31/23,77,10,47,0.2128
PHI,TOR,3/31/23,77,13,33,0.3939
UTA,BOS,3/31/23,77,16,51,0.3137
MEM,LAC,3/31/23,77,14,56,0.25
CHI,CHA,3/31/23,77,10,45,0.2222
BKN,ATL,3/31/23,77,10,40,0.25
BOS,UTA,3/31/23,78,14,55,0.2545
ATL,BKN,3/31/23,77,20,54,0.3704
LAC,MEM,3/31/23,78,13,57,0.2281
DET,HOU,3/31/23,77,16,51,0.3137
MIN,LAL,3/31/23,78,13,55,0.2364
HOU,DET,3/31/23,78,19,49,0.3878
LAL,MIN,3/31/23,77,18,47,0.383
DEN,PHX,3/31/23,77,18,60,0.3
PHX,DEN,3/31/23,77,17,54,0.3148
SAC,POR,3/31/23,77,10,36,0.2778
SAS,GSW,3/31/23,77,18,53,0.3396
POR,SAC,3/31/23,77,15,50,0.3
GSW,SAS,3/31/23,78,17,51,0.3333
NOP,LAC,4/1/23,78,16,46,0.3478
DAL,MIA,4/1/23,78,1,30,0.0333
LAC,NOP,4/1/23,79,15,45,0.3333
MIA,DAL,4/1/23,78,13,43,0.3023
CHA,TOR,4/2/23,79,13,44,0.2955
TOR,CHA,4/2/23,78,20,48,0.4167
MEM,CHI,4/2/23,78,11,46,0.2391
CHI,MEM,4/2/23,78,6,47,0.1277
POR,MIN,4/2/23,78,14,57,0.2456
MIN,POR,4/2/23,79,9,43,0.2093
BKN,UTA,4/2/23,78,9,51,0.1765
UTA,BKN,4/2/23,78,16,54,0.2963
WAS,NYK,4/2/23,78,8,41,0.1951
NYK,WAS,4/2/23,79,9,44,0.2045
DAL,ATL,4/2/23,79,13,52,0.25
SAC,SAS,4/2/23,78,19,58,0.3276
SAS,SAC,4/2/23,78,17,48,0.3542
DET,ORL,4/2/23,78,13,50,0.26
ORL,DET,4/2/23,78,10,39,0.2564
ATL,DAL,4/2/23,78,19,60,0.3167
HOU,LAL,4/2/23,79,18,60,0.3
LAL,HOU,4/2/23,78,12,44,0.2727
OKC,PHX,4/2/23,79,20,56,0.3571
PHX,OKC,4/2/23,78,7,37,0.1892
CLE,IND,4/2/23,79,14,48,0.2917
MIL,PHI,4/2/23,78,11,37,0.2973
IND,CLE,4/2/23,79,15,49,0.3061
GSW,DEN,4/2/23,79,29,63,0.4603
PHI,MIL,4/2/23,78,12,48,0.25
DEN,GSW,4/2/23,78,21,56,0.375
TOR,CHA,4/4/23,79,12,49,0.2449
MIA,DET,4/4/23,79,9,39,0.2308
MIN,BKN,4/4/23,80,13,47,0.2766
BKN,MIN,4/4/23,79,14,53,0.2642
CHA,TOR,4/4/23,80,9,41,0.2195
CLE,ORL,4/4/23,80,9,44,0.2045
ORL,CLE,4/4/23,79,15,44,0.3409
MIL,WAS,4/4/23,79,16,51,0.3137
DET,MIA,4/4/23,79,8,38,0.2105
WAS,MIL,4/4/23,79,10,55,0.1818
MEM,POR,4/4/23,79,9,47,0.1915
POR,MEM,4/4/23,79,15,58,0.2586
UTA,LAL,4/4/23,79,9,46,0.1957
LAL,UTA,4/4/23,79,15,52,0.2885
ATL,CHI,4/4/23,79,11,39,0.2821
PHI,BOS,4/4/23,79,9,40,0.225
BOS,PHI,4/4/23,79,19,56,0.3393
SAC,NOP,4/4/23,79,13,45,0.2889
CHI,ATL,4/4/23,79,6,48,0.125
NOP,SAC,4/4/23,79,15,49,0.3061
PHX,SAS,4/4/23,79,20,49,0.4082
SAS,PHX,4/4/23,79,13,57,0.2281
DEN,HOU,4/4/23,79,14,51,0.2745
HOU,DEN,4/4/23,80,25,60,0.4167
GSW,OKC,4/4/23,80,23,52,0.4423
OKC,GSW,4/4/23,80,15,55,0.2727
DET,BKN,4/5/23,80,13,43,0.3023
BKN,DET,4/5/23,80,16,44,0.3636
NYK,IND,4/5/23,80,25,53,0.4717
IND,NYK,4/5/23,80,13,45,0.2889
CHI,MIL,4/5/23,80,7,48,0.1458
ATL,WAS,4/5/23,80,14,42,0.3333
MIL,CHI,4/5/23,80,16,54,0.2963
BOS,TOR,4/5/23,80,18,55,0.3273
WAS,ATL,4/5/23,80,15,53,0.283
TOR,BOS,4/5/23,80,15,55,0.2727
SAC,DAL,4/5/23,80,27,61,0.4426
MEM,NOP,4/5/23,80,19,58,0.3276
DAL,SAC,4/5/23,80,10,46,0.2174
NOP,MEM,4/5/23,80,13,50,0.26
LAC,LAL,4/5/23,80,5,41,0.122
LAL,LAC,4/5/23,80,11,46,0.2391
ORL,CLE,4/6/23,80,15,50,0.3
PHI,MIA,4/6/23,80,4,38,0.1053
UTA,OKC,4/6/23,80,7,44,0.1591
MIA,PHI,4/6/23,80,11,40,0.275
SAS,POR,4/6/23,80,25,60,0.4167
POR,SAS,4/6/23,80,14,47,0.2979
DEN,PHX,4/6/23,80,15,42,0.3571
OKC,UTA,4/6/23,81,21,61,0.3443
CLE,ORL,4/6/23,81,10,42,0.2381
PHX,DEN,4/6/23,80,10,41,0.2439
GSW,SAC,4/7/23,81,15,39,0.3846
PHX,LAL,4/7/23,81,17,63,0.2698
SAC,GSW,4/7/23,81,20,62,0.3226
LAL,PHX,4/7/23,81,13,48,0.2708
MIA,WAS,4/7/23,81,16,58,0.2759
ORL,BKN,4/7/23,81,20,57,0.3509
IND,DET,4/7/23,81,12,46,0.2609
CHA,HOU,4/7/23,81,14,52,0.2692
DET,IND,4/7/23,81,12,49,0.2449
HOU,CHA,4/7/23,81,16,51,0.3137
BKN,ORL,4/7/23,81,12,54,0.2222
BOS,TOR,4/7/23,81,16,39,0.4103
WAS,MIA,4/7/23,81,14,49,0.2857
TOR,BOS,4/7/23,81,15,56,0.2679
PHI,ATL,4/7/23,81,17,54,0.3148
NYK,NOP,4/7/23,81,12,54,0.2222
MIL,MEM,4/7/23,81,16,51,0.3137
NOP,NYK,4/7/23,81,6,38,0.1579
ATL,PHI,4/7/23,81,6,47,0.1277
MEM,MIL,4/7/23,81,12,42,0.2857
CHI,DAL,4/7/23,81,8,45,0.1778
DAL,CHI,4/7/23,81,10,54,0.1852
DEN,UTA,4/8/23,81,8,52,0.1538
UTA,DEN,4/8/23,81,20,58,0.3448
LAC,POR,4/8/23,81,17,46,0.3696
POR,LAC,4/8/23,81,7,46,0.1522
SAS,MIN,4/8/23,81,13,47,0.2766
MIN,SAS,4/8/23,81,12,49,0.2449
MIL,TOR,4/9/23,82,7,46,0.1522
TOR,MIL,4/9/23,82,11,47,0.234
NYK,IND,4/9/23,82,22,60,0.3667
NOP,MIN,4/9/23,82,16,52,0.3077
HOU,WAS,4/9/23,82,13,52,0.25
CHA,CLE,4/9/23,82,13,46,0.2826
CLE,CHA,4/9/23,82,13,54,0.2407
CHI,DET,4/9/23,82,12,57,0.2105
ATL,BOS,4/9/23,82,17,54,0.3148
WAS,HOU,4/9/23,82,16,58,0.2759
BKN,PHI,4/9/23,82,11,50,0.22
BOS,ATL,4/9/23,82,14,48,0.2917
DET,CHI,4/9/23,82,18,55,0.3273
PHI,BKN,4/9/23,82,18,51,0.3529
MIA,ORL,4/9/23,82,10,41,0.2439
ORL,MIA,4/9/23,82,15,56,0.2679
IND,NYK,4/9/23,82,9,46,0.1957
OKC,MEM,4/9/23,82,13,47,0.2766
PHX,LAC,4/9/23,82,16,59,0.2712
DEN,SAC,4/9/23,82,21,46,0.4565
LAL,UTA,4/9/23,82,13,52,0.25
DAL,SAS,4/9/23,82,9,65,0.1385
SAS,DAL,4/9/23,82,16,57,0.2807
GSW,POR,4/9/23,82,9,38,0.2368
UTA,LAL,4/9/23,82,10,51,0.1961
LAC,PHX,4/9/23,82,18,56,0.3214
MEM,OKC,4/9/23,82,12,55,0.2182
POR,GSW,4/9/23,82,11,61,0.1803
SAC,DEN,4/9/23,82,12,50,0.24
MIN,NOP,4/9/23,82,11,49,0.2245